,0,1
0,5.310363813185118,4.464224674741113
1,1.7134699050143047,-1.9766776481531028
2,0.09005882101091212,-1.668199176253001
3,-0.2542297008342955,-2.8727852380078955
4,4.830889854875277,1.0247890523930647
5,0.543071740467973,1.4977109458378601
6,-1.213728148022967,-2.6796766491901014
7,4.876993582805124,1.690926101630284
8,4.035821457459788,-1.1205764372322922
9,4.729608644498357,1.7539164808830572
10,3.5808021296571537,-0.8973417626646191
11,2.8714453309542973,-0.12909168124084247
12,-0.3119742217434718,-3.1972285232569737
13,1.4772352481712634,0.299525967398774
14,4.677150945260589,-2.397390828556733
15,2.592223852421267,-3.351932786781405
16,5.280423219156463,0.158225956120565
17,3.996673416854786,-2.5816808103871836
18,3.014914848928973,-1.8477831010725723
19,6.705101771926413,-0.32202378777405927
20,4.299381372129471,-0.7765012544029893
21,5.036025453701723,-0.1740634836969992
22,5.838223227089861,1.0714780615887736
23,3.038225083874957,-0.2820903358110448
24,2.280077463023314,-2.74534232499766
25,-0.3241378594233275,-2.2986865268695222
26,4.407527129441289,-0.17101252342637063
27,2.6480217282010954,-0.16059781077480495
28,3.064719831024729,-1.4140907150371658
29,4.776324335255959,-2.845799715922017
30,2.4290682989022976,-1.2003544252908234
31,6.286825166054809,4.8616350415482925
32,4.044468030232383,-1.6171863355508256
33,3.4086970949049813,-2.3894565309480367
34,-1.0096435052569088,-3.205950847246666
35,5.628623504069342,-1.4340557746305604
36,1.8656674819347725,-1.4374759532378758
37,2.289238624235458,-0.15917919000342529
38,5.2035925533316,3.1067575668473584
39,0.3049923336259286,-3.982031975590582
40,-0.11554632045410962,-1.94347047590685
41,2.9475014095397802,1.1411821721698931
42,-3.507129885051569,-4.8338433988479315
43,4.5206113965006764,0.7766842831829979
44,4.690264932078912,1.5321637375225832
45,1.4174637818158125,0.09420704971131255
46,5.707926242911693,1.1654867959121535
47,4.228031300732605,1.4889841111275741
48,7.393808053617427,1.390078914857813
49,1.1670008727237016,-0.9313005160460337
50,5.380778188288057,0.29400579364561996
51,1.6643003495466693,-2.4310206359624145
52,3.032841667926243,-1.2091419955437133
53,5.882528883488126,-2.3780178492117794
54,2.0754982791273684,-2.264001691473677
55,-0.11016205840723314,-2.6948477092813894
56,3.6710038027113914,-0.9369017794634802
57,2.2201144868196865,0.13308185027645747
58,8.225512462071688,0.5993227258908773
59,1.8169271551390604,-0.7553197129931445
60,2.536753999899661,0.5964524283477199
61,7.3785641563394755,3.10646616969204
62,0.9892682556374521,-4.300630917974287
63,4.441480997858145,1.4919686665433023
64,3.189802974413287,-2.0631610650319496
65,4.28104102671543,-1.2310996035258208
66,5.878951950844163,2.357571528127151
67,5.41898389889438,2.1126910682296143
68,1.032868293930078,-3.346153347614097
69,1.6818729835011998,-3.118125105690757
70,2.5278866041655377,-1.1081336198277383
71,1.5907242270855027,-3.7438278124156157
72,4.989941310375356,-4.132140896822895
73,5.506073220432772,-2.5765788157489076
74,6.07301552970125,1.0700723199686264
75,3.7510386232542197,1.1489042125726634
76,0.29985361048349235,-2.1681696964556396
77,5.541561207509385,0.8213646108691091
78,1.635097122376224,-3.3498516417123563
79,4.323078515229093,-0.7268682990359994
80,5.994655667067301,-1.7251405893384955
81,6.331671250617506,-3.8045420404742925
82,3.8110485977543433,-3.186322872782186
83,0.9287509970586427,-2.0650116265625407
84,4.063205013506277,0.16325054613033352
85,-4.498403681045157,-5.7708674158876985
86,1.5874120512554417,-2.6407566193620466
87,1.5336662962569543,-1.7655483128168683
88,3.503071185191227,-0.6642231075804343
89,-0.2136369819711006,-2.8414530325200884
90,0.4075919469499958,-1.9367856347813015
91,2.775554221503108,-2.884828290576353
92,2.1573112711233406,-1.0059039634053601
93,7.134212903249679,0.8941459230233413
94,-1.8264434180076767,-2.857080183669315
95,3.6660758469553674,1.0451411762183747
96,4.328863684923139,0.7550310312965169
97,2.565317708434047,-3.3376884834958402
98,4.621070776320466,-0.4188243935705762
99,-1.0126895309731383,-3.966400269446157
100,0.557027889079321,-4.58206986612208
101,1.5036285685440862,-2.638746878434041
102,1.3277312258382203,-2.688698898922949
103,4.220638258835775,-1.1063299943238276
104,4.319563553533069,0.2025601367617602
105,2.9436630239100694,-2.8043187977643536
106,7.795821654136997,1.2178297109311709
107,-0.16363812959442736,0.5188145521073613
108,5.3000830313562215,1.9474100885949475
109,5.597098980972159,3.1819337600329787
110,2.9834430848267623,-1.9362780296787507
111,5.228020924774805,1.4238727148547432
112,-1.3658266245825077,-4.3135580799965325
113,3.1259960250002568,-2.6875610762633837
114,3.5833415928082477,-0.8174777406319425
115,3.5570733798807943,2.058974857333272
116,-1.5217343577941955,-4.537907459981626
117,6.100020907064831,1.5081398854941606
118,3.767087389065086,0.19855496306607168
119,3.898604869364306,1.2155984137690194
120,0.18509978236365354,-0.2974516618096671
121,3.4963783385225944,0.1991059611226227
122,3.4662597318065127,-0.8286014227975477
123,-2.2914855607157154,-4.567152132309179
124,4.642279466730411,2.2982079085621425
125,4.758629479122101,1.5058765265335312
126,-1.4584186899814222,-2.935198432131516
127,4.837696552209266,-2.851130014189218
128,3.462660385126365,-3.9214086886990107
129,3.1786633847726895,-1.0755491947311744
130,6.174856906816983,1.4145053874645113
131,-0.15088674955486692,-4.214012220648957
132,1.4597241198362174,-4.096306049149574
133,3.933833152782679,-1.6987330047897644
134,5.942543703798221,0.5978186183415761
135,1.6268688281148596,-1.8167730723059163
136,5.110374166384748,-0.2403553904878316
137,3.099545078430507,0.9879878111920362
138,-1.222996933068175,-5.217093755781335
139,4.098434267162653,2.4432485970677638
140,4.480496351338663,-0.6044650194331185
141,2.8620955017188505,-2.9246057848242364
142,6.17911326916382,1.80446225938761
143,1.6710334705929002,-0.9508456880600011
144,0.6605605084235489,-2.5585786992782857
145,4.391479026101243,0.30664938701617284
146,6.470438988336595,0.6822202939778081
147,2.1380074055147738,-1.1712883898194486
148,1.5874114903783976,-0.6023240103446039
149,2.725599750710892,-3.5269335395551167
150,1.2899446046849374,-1.9975937909049444
151,6.465494721467833,0.149408071903258
152,2.41447730337268,-1.246697097759712
153,4.747384465695569,-1.6286663666625176
154,5.464340231709384,-1.1607725662461836
155,2.430275798559218,-0.18471047146465858
156,0.47232487638331033,0.07520546023558783
157,-1.2797475358917048,-4.003033150517511
158,0.748610682807537,-3.1325499365663245
159,0.18606761107241088,-2.654056344811478
160,3.6908426884399326,-1.5731496466601365
161,2.670063531392945,0.22457810535224798
162,2.3873281521899155,-0.09448042793727907
163,2.3801892473788766,-0.011123765483353032
164,-2.172263231699561,-2.915832098204976
165,3.0824867915737806,-0.5304423268819235
166,1.5115232713763849,-1.5414141003439736
167,4.383506483320783,0.6731197414950176
168,-0.8336932977473412,-3.235952321949897
169,4.3876855979448255,2.1226823254724327
170,6.121135174668474,1.3108986115410302
171,3.7019378724254937,-1.4136611963612487
172,2.8785108300194406,-0.11725821856873686
173,-0.20311036727470944,-1.1852081233129808
174,4.9008743398488255,-2.6896324689079902
175,3.6264005955547036,-1.5582795180004054
176,1.1550664396111905,-3.797314590286777
177,4.2610643976080524,-0.8463668545494472
178,5.917109139829405,-2.513044716494008
179,-1.0811669617648851,-1.2112235681912829
180,3.46366035349089,2.6256789891673686
181,3.4100110841586644,-2.1695953980856837
182,3.7287667435465033,-2.1082184496105216
183,1.0425224264134758,-0.947230315987662
184,0.5487957382498183,-0.8236924443343127
185,3.3564771069943955,-1.6491773752955552
186,1.8738718955052347,-3.9588849488635827
187,-1.6693324065663528,-5.8900032852664745
188,4.857703088503934,-0.5576591442303356
189,3.6202335317646592,-0.05501607933112296
190,4.804123839740561,1.657249622437448
191,2.947608956925413,-2.4340103984763073
192,1.5216652203151284,-1.6581647910513089
193,2.5335370992775568,-0.7149115733844389
194,0.6795331144012335,-2.0459613086998027
195,7.995118670822562,2.4360204057513903
196,5.606121623736024,-2.207795749733152
197,1.7363837588494875,-2.2933587792692
198,3.700448171610285,2.483629813104084
199,3.129138969293802,-3.2255079377581466
200,5.865278633278747,1.6431225153127
201,-0.3316720908144508,-0.4846775771329448
202,4.006362758968023,2.5211141016617526
203,1.5573656350799991,-0.26192010135659927
204,5.247922334980494,0.6958340009059205
205,4.077775625240376,0.8415234324126057
206,1.5916439594664802,-1.9500777545562367
207,9.325839176266367,1.2779360890258036
208,5.585886725278671,-0.37367721969042766
209,0.9122645309986854,-0.7496581299629776
210,0.6353568473131292,-2.2179157866777484
211,0.8097114425894443,-3.279587981700614
212,0.07053730007613623,-3.9874446107982497
213,4.796281170455562,1.6803278846757332
214,2.0271022657891518,1.4247519856331121
215,2.695104027357205,0.22783157502954188
216,3.8085535265533426,-1.7662074849686014
217,3.9854371579158303,2.8213021664595765
218,2.3603235968017335,-1.3195175925568983
219,3.7927116958517213,0.17104601673446918
220,2.860061579419154,-3.794738372106777
221,2.4552603555314523,-1.8521108643068582
222,0.057043144634036924,-0.6746271336482331
223,0.22177399807980835,-4.170589444252011
224,-1.1147260266664425,-0.6710903820510047
225,2.360525512316912,-1.5619280522096128
226,1.9909494218467438,-2.060213825974581
227,-1.1797973343237294,-3.1758852940175717
228,2.8310874020017676,0.6682158786870696
229,4.708386504528095,-0.1457179208707441
230,4.735065729628818,-0.10413160294949997
231,-0.4476518043929274,-1.8019766374235857
232,2.953565181655079,-1.7887847913753658
233,1.0662549370573815,-3.0487828095668776
234,-1.4947149473938977,-1.8215656143865746
235,3.5084724910164615,-0.37357835398193506
236,2.6630970338667668,0.22986075011642648
237,4.929103378492272,2.324964456557476
238,2.3278172532344,-2.7713105161820506
239,4.421942439393266,0.03659767961444138
240,-0.1944300682204121,-1.5015380544007697
241,4.74654154902433,-1.2499508012516474
242,4.437148289338454,-1.174735627671734
243,-1.212406132964233,-3.423116076102609
244,3.859758240556536,0.2518493647393738
245,4.417347199683892,0.24492654339121045
246,6.390644489012183,-1.0527907485236099
247,4.660776717256228,1.1819371425328309
248,2.5443017712062668,-1.6953100678801882
249,4.177571478633986,-0.4409528162958438
250,2.6454428531730834,-0.5888858102595109
251,2.5802170924399324,-3.7894403591446393
252,4.4092430971473675,0.4012355875947611
253,1.6000155756098131,-1.0468835655044852
254,6.253142229710738,-0.41066301950782935
255,-0.27599486301836196,-5.0188350818851335
256,3.5965657540495855,-3.201300154849735
257,8.205010214925718,-0.6128551381552148
258,0.7749528801531169,-2.318554317848417
259,0.8379654494083604,-1.675775878268492
260,4.867898960585925,2.422533838309558
261,3.7909170798082763,0.2699282166472825
262,1.663652740285456,-3.204585796637475
263,7.567846455502164,1.4334404473598679
264,3.572252876144769,-0.6475725663875767
265,3.6528416807671884,-1.8683406500732407
266,3.9064734463988326,-2.554672210565319
267,6.234327114970542,-0.14298762311181668
268,5.973316303938558,-0.05784417037940215
269,5.491480345010817,-1.690788967882525
270,3.2664382403461434,-1.9711108840642608
271,4.2314447467320395,0.02916188357554117
272,3.4183396880451347,-0.9242876320067278
273,4.92260392810671,0.6552110572365104
274,2.588542991452297,-0.3689174845032053
275,2.110572955873984,-1.231053118339013
276,7.956182778500816,1.1029526250213753
277,2.935732830514387,2.4161093514886884
278,0.28875044955342277,-4.976194827057126
279,5.753907698814519,-0.3516200898478209
280,3.93473516396368,1.0349697790020338
281,3.2360175366301513,-2.339422227753187
282,-0.02523061462121401,-3.31944876617108
283,2.5574344588442757,-3.5958457212118224
284,2.9684078776624596,1.833150283225836
285,5.131683328363948,-2.554445109938696
286,3.7561683089256963,-0.3626690551349291
287,6.943873841551806,-0.8048881597318329
288,3.947633440966266,0.662802832930991
289,4.119489721111257,0.8462065932801603
290,3.8132713398103455,0.9345179242857427
291,0.8891682680512423,-0.9015503835606022
292,4.15865065724958,-2.1596989108560662
293,0.598045293019378,2.314352984464644
294,5.668122292208203,-0.8349894792015767
295,5.815667779821091,-0.21932798404653198
296,4.762213951766315,-0.044683277478602346
297,1.527418142066755,-1.8346478517395997
298,5.320078173334668,-1.6848608042834234
299,3.9577023042446333,-2.6434473447672557
300,6.317368125042414,-1.435105876864042
301,3.242369459930723,-1.4663241971186578
302,2.490768965833858,-1.213275648635049
303,4.767821312331302,-0.39254687626699514
304,2.416491622601717,-0.5472039171481103
305,7.013423674869547,-0.04172302203582323
306,3.767418982452171,0.09781027331018133
307,1.3444036246591575,-0.8570162094840401
308,4.451096600700861,-1.419907178828455
309,2.4198856378536155,-2.7535247077337957
310,4.24476924588494,-1.652218509975575
311,1.9033223937466353,0.4242779719328076
312,1.34753787523865,-1.4913031244781632
313,5.79673962688021,1.7416422796832949
314,-0.247040578299893,-2.255477751503464
315,3.0433911013628157,1.8618705203269084
316,1.1673835298391835,-1.0959149449383951
317,5.099438457200952,-2.5905803576328745
318,-0.738581165582969,-3.950908111021053
319,4.659935054043821,-1.3471851949728444
320,3.9459282931932225,-2.3464577080759357
321,0.5596131199883216,-1.2499403274302303
322,-0.5998389480347832,-2.5446022380321174
323,1.8468205758864356,-0.9966776216380291
324,4.081159745825531,-1.3646392205275846
325,4.160385734648829,-0.3950258441554052
326,3.076324492460687,2.288449269301336
327,-0.8602378483638602,-4.7448915317678555
328,1.9251690831925377,1.2005146171773733
329,3.2908091002754425,1.1855226107753691
330,3.799743016075729,-1.6282250539882357
331,0.6266726591226552,-3.9253408357754607
332,10.205563733461839,2.964838012164868
333,1.5404004038418213,-1.892920357195486
334,5.757207925223829,0.9880259568969405
335,3.3641363687233805,-0.3856698890044543
336,2.1652507910479684,-1.9099879390130419
337,2.31121305273771,1.0162189217855109
338,5.707916703220226,0.9938056378235496
339,1.9838744805027695,-0.8417090056463576
340,4.328013162879529,-1.6889082059565288
341,3.949237518973118,-0.9571230219130302
342,5.565857459531122,1.9432308978418251
343,1.6386057804855945,-1.525378667716388
344,2.4586771080938954,-0.8291149209388116
345,4.249394954511715,-0.38464757174892916
346,-0.17117128767326983,-4.9516471720497215
347,1.7659499256870532,-0.5920926439622827
348,3.496026487525421,0.1511751702096238
349,5.142976881436349,0.753451764037196
350,4.68766671004844,-1.9635303872092047
351,5.769258385327891,1.2321092256410653
352,2.583038101642331,-0.27508006722078737
353,-1.0529142252495367,-1.8163125719349549
354,2.6329419472725255,-1.1506574682995165
355,4.913526577849795,0.9825918476665223
356,3.715924817512648,-1.3510400119890629
357,3.1597248079516618,-2.8966418958698084
358,8.712186511199102,2.031386335861549
359,6.684084774956257,0.260997769253704
360,6.590054270613567,1.7369717737686519
361,4.250403603794217,-0.7491065726700026
362,1.4599545057913728,-3.9528983150642873
363,0.6851856541082033,-3.1527575153625493
364,0.7532426655329902,-3.683265855304732
365,2.5430559476767067,0.24978212042506365
366,2.197476160985219,-2.2359324362252506
367,3.741234661704242,-0.8665538703264366
368,-1.6472126039159383,-3.452124049548691
369,8.510887431671126,2.0924521170483827
370,2.963168220468927,-0.05037478088792635
371,3.735339187084921,-1.808889873805454
372,1.1705831793220514,-5.088204464356419
373,5.119995577728615,0.16776087943016282
374,4.557242506819306,-0.20580539687743815
375,1.8534579189455225,0.8492219692185192
376,3.350629131026107,-1.0140008538943686
377,-1.4980629237575274,-0.7104418001201412
378,4.266103301205705,0.9249746097758789
379,2.224499744579547,-1.4039854052293659
380,0.2832263434644542,-2.419472095565805
381,2.11944967288838,-1.15825701003987
382,3.425181697413756,-0.541823336435623
383,3.839165139225817,-2.719676664262596
384,4.849636708802293,0.25232935407111423
385,5.741530862445435,-0.19907121341556988
386,0.355226505866058,-3.5628453986826814
387,2.303027417784765,0.21740137493939682
388,5.753085135201604,-0.47069650616839154
389,3.948112855067847,-1.4833496773919308
390,-1.1315206753909104,-2.014267076194411
391,4.431037272961143,-0.5732223938411104
392,5.721007423321888,-0.8437971867413379
393,-1.051023801723634,-2.743575026289875
394,1.4139427338396935,-2.43508742315724
395,2.247435276909202,-3.9750283972304405
396,-0.29429283816518303,-1.8242523082763467
397,3.159047728645678,-2.2218490028596936
398,3.1966353821850326,-1.9766155405662933
399,3.1941055101881237,-3.1159139751983393
400,0.8234261680968693,-1.0146611396851763
401,2.793716389790383,-1.4869796983846968
402,1.0899684567101895,-4.496988978927346
403,3.7474662117137143,-4.1544167839581085
404,4.112588260107027,0.7366211465586825
405,-2.336293295478751,-4.608545311331988
406,3.669479253445651,-0.4297211892791899
407,1.1579347765020587,-3.2342137307002603
408,7.098470879650549,0.9740819019475593
409,-1.2605573472752543,-4.638690586089773
410,5.940099125546409,1.1051634333580784
411,-0.7663239124759835,-1.0641519296193138
412,4.3288395263494,0.8461924454975578
413,2.6133574208914423,0.5265950500047345
414,4.560001507273836,-1.285332312567978
415,1.1234451113729118,-2.5569164090345806
416,2.65137525195457,-2.9641609393624266
417,-0.05983498037025736,-5.1613503603770265
418,-0.1530763698211488,-2.4618313904691895
419,1.164873478871142,-2.8051979249294767
420,0.626385012790625,-1.3042651585369032
421,-2.937472995077842,-1.8987473757622446
422,1.9096972866353066,-2.9811871646586328
423,1.808935900018236,-4.773563654102171
424,0.5075951308601248,-1.1522671894425016
425,-2.4547520598993122,-3.9630461883959245
426,-1.390612504266472,-3.178910832130294
427,1.4602461793705959,-0.09539386069452604
428,4.756432903569701,-1.0545130915379333
429,3.528054587331491,0.555849730468881
430,4.047422956155358,-0.11047208202177028
431,1.811485838757525,-1.8621799992078536
432,3.7479266662948207,-1.4335607292222707
433,0.8140384741288944,-6.043702751626739
434,4.048089074306455,-1.385906591972421
435,4.596315171541413,-0.2009044339526418
436,1.0544513547136376,-2.3644249987365527
437,5.5363744135758655,-1.0745900005764195
438,-1.916579198418841,-2.5850156929721493
439,6.092977826471893,1.12139039592879
440,0.03886136096047643,-5.005686212326155
441,3.709288411327551,-1.4610974422290015
442,-3.8314289400276413,-6.2712404208770565
443,-2.190728358701292,-2.2900021970136235
444,4.5235241370921635,0.9434719977278245
445,3.265320860782362,-0.5800694318798514
446,2.7423206555048973,-1.7929563975551424
447,3.5693941344548357,-0.38540574634049596
448,5.943667338905561,2.077006836960115
449,4.757740373636442,-1.5706823764454865
450,-1.5573374467307568,-4.252710178833298
451,4.764980953694476,-2.259005367982308
452,5.702854013158095,1.195248735547597
453,9.968965478471398,3.418292642418188
454,4.841322605842546,-2.0888950411930853
455,2.2132362694206984,-2.709992854525299
456,6.213518837388852,1.4849045946966757
457,4.227018993776495,0.20525511560824716
458,5.60309535238431,-1.6993060475604722
459,6.928715481411648,0.4313063168208686
460,2.8098342112375363,-2.1148573420069745
461,1.475213409696671,-3.166240573567463
462,0.25282241052545285,-1.9139990873328219
463,5.5077792075589596,1.2675380628838568
464,1.1670174076821247,-1.969174506676513
465,7.351810446814767,0.9501920350736917
466,4.065781745012308,1.4407172477811088
467,1.9460070207077342,3.9654468102184532
468,7.357875626315888,3.002028378168105
469,-0.3087136660971299,-5.990016805800798
470,0.9727217060433477,-2.925452389721367
471,3.753651582922619,0.05491771378192922
472,7.237772551179451,-0.4275428981205862
473,0.2907378732671866,-3.730804572332895
474,8.517197819320451,1.749251955181157
475,2.109127421158809,-0.5855194081160525
476,-1.05441580071514,0.14781878377977908
477,7.437095423712254,1.5447709746644405
478,5.242354315083334,-0.1375116646862209
479,1.5483210471362576,-3.1071963222530297
480,4.154550230570591,-0.9768936923254032
481,-0.5828634647740101,-0.42695344135214675
482,5.122466437595683,3.498839581547422
483,3.2087168211324224,-1.1015803577874186
484,3.6744375322788834,2.505909705375475
485,2.4697081842622337,-1.2185572999349747
486,0.894590484301272,-3.381965086047619
487,5.200999552021356,1.6397692839464395
488,-0.9419347735044838,-4.0477365442254385
489,3.3430829413846723,-1.201878254181607
490,9.765726185439934,4.1354591037202075
491,3.2867671971570447,0.7821897441580845
492,-1.049340058770981,-1.9804595816818626
493,2.3869402643350184,-0.9208829076732725
494,0.686572824225637,-5.0273813883264955
495,2.1367541310941336,-1.910144172778129
496,-2.2337586856427096,-6.176008190478741
497,5.3769864871925055,0.18903640616039263
498,1.3966289183163825,-1.83339817777832
499,2.623459948730812,-0.917865348238889
500,7.401260240835727,0.5033422914197092
501,2.7593162282404213,-3.3832792543909878
502,3.767100261936207,0.7430578493026996
503,1.64839181142922,-3.311211528411585
504,0.09193195461897075,-2.7660239946667566
505,8.856099373534374,-2.138080986730082
506,4.985862099240483,-0.45728820008731863
507,2.219415904968655,-1.140163334780687
508,3.4681426270470843,-2.5654691651678108
509,2.703127921953971,0.8000845035619317
510,2.1157114746698062,-2.1521141623312277
511,0.49966678803407927,-4.342969962234846
512,1.7657811181727683,-1.3514928917944022
513,5.1328410962869135,-2.0862637283589307
514,7.260539928689386,0.22526858891882218
515,1.487439774141104,-0.08570500781728196
516,5.264015683782615,-2.195301771814611
517,1.1398785954328723,-4.401195269131205
518,4.02994004308836,0.5063717114196968
519,3.0030004501091847,-0.4565571103469318
520,2.0563567458099996,-2.181686742764253
521,2.129199012681923,-3.335579320523689
522,4.518215210437667,0.8528946921016829
523,1.2077878375428803,-3.1373420357059056
524,3.7413651373888657,0.06358485987775331
525,0.4583046691802659,0.21950450933709287
526,0.17503867799551331,1.6818993280841887
527,0.8609880245798385,-0.23132953151570246
528,4.606748593296192,0.07579227726269355
529,-0.9223166169356127,-3.2469194314001713
530,-2.7725398106162995,-3.4705400252912666
531,2.6967515971442455,-1.5935083111624757
532,8.140332173452915,-0.4463216544777373
533,7.08880297495625,2.6730359966758184
534,3.086203550658805,-1.7971187211056252
535,1.2676542784068077,-2.6962058445559034
536,7.215513259904761,2.2830388955456202
537,0.4235553409143993,-3.083602775756897
538,1.4801874453696953,-2.845104825431281
539,1.2339505332431615,-4.8798918881902935
540,-1.2779211344632087,-5.986384569947411
541,-0.7419591931922578,-3.347071950153595
542,-0.16565829240506114,-4.5911834431831435
543,3.048179572663368,-2.3076566646469487
544,4.1419274755227935,0.2360205789237353
545,1.0797962559485554,-3.3331372043037915
546,1.653287222435423,-0.9205782788493425
547,3.2179088908344355,-2.4694035176919664
548,4.0408910519330625,1.7871751006882577
549,2.985296304038433,0.006408030084029237
550,3.035347765893222,-0.7839393999976286
551,1.3752620375904274,-3.378712404322208
552,5.297558628092943,-0.08902086655149055
553,5.088855548960364,-1.3234684751232524
554,1.9862560762091346,-1.7803882574825523
555,4.868557625457882,-2.258378004174787
556,1.6982604627517768,-1.9564852894384275
557,4.954864045246991,4.441285669316992
558,1.9263223062232462,-2.4258659416950974
559,0.1280694840901826,-1.763414004116254
560,3.177854379137469,1.5420985442162283
561,0.1658712302673031,-3.3910046584145306
562,0.3304134102248062,-3.4649881591404816
563,1.6325920594556433,-1.9261959709044612
564,1.832075887182796,-2.633951830665797
565,0.950149840767101,0.29041761798530485
566,-0.3876001994481353,-1.1423225523435385
567,6.675828304036404,2.6776702407293276
568,-2.0086763213527474,-4.7300119424463265
569,3.440932217371655,-0.6451197932965101
570,0.000992814898648664,-2.8038561064564833
571,7.119346796688891,0.9066456417182902
572,1.3131876484221097,-0.7509763824048852
573,2.1841788527072636,-2.37859027677745
574,7.172807533546284,-0.372167560849442
575,4.875997105983551,0.5318088464564206
576,4.247367909447791,1.5992959654342576
577,5.931788324438539,1.6686125028192804
578,4.872694145851003,-1.250757724223118
579,4.130136103918225,0.3080778748204478
580,-0.9967091097390042,-5.176132615057816
581,4.981995849804976,-1.2330860051403165
582,4.253386373119523,-3.2586416258642306
583,0.756051867531939,-2.6491152414943606
584,0.8212846368325701,-3.713340022798312
585,4.294455626281488,-1.2513685736644597
586,0.16830179262546796,-3.4729383076359945
587,5.639319661167112,0.3300273050309528
588,0.31868177112772855,-0.8927934652964068
589,0.9813963899327449,0.3013564320098552
590,-0.3030803229992918,-1.588266797529561
591,1.4326128871410249,-1.319980344161084
592,6.9615815088531035,1.42587844525606
593,-0.49656687981727154,-3.833970354149753
594,4.412699878364185,2.102672469467303
595,3.0718246259091413,-3.0293914460749933
596,2.078667417832521,-4.137862693093826
597,1.7856897234403504,-3.423257128168018
598,4.205302470283345,0.7045375987844538
599,-0.2721038428530269,-4.229122516648287
600,4.5090308426014865,-1.1764571358106126
601,4.508820483041141,-1.5433283187713527
602,-0.014570535401372542,-4.599949005271205
603,2.472894385289853,-2.5239013045733603
604,1.927581712689224,-1.857210865801746
605,1.19011382961766,-1.0892313318075786
606,2.0199843722409736,-0.8991612159624104
607,4.163321192439819,0.5019222759854005
608,4.832222477025805,-0.579708935551829
609,3.6274617937025324,-0.5545172535521831
610,2.5824314205269436,-0.7091680310221129
611,4.085134953129039,-0.29743348284991955
612,-0.28364588937663626,-4.835814973789624
613,2.061630306781591,0.9478506509739608
614,7.165908634648951,-1.3299273788779638
615,3.6605874787071113,0.2226181845120605
616,3.3511909412012395,-0.9423016275532481
617,1.6935579688880302,-4.719332727224022
618,2.0575526635861716,-4.177995390260454
619,5.783023199495338,3.0423224798813067
620,4.178840590312237,-0.4090781567578451
621,2.0087743108920497,-2.3870828001329985
622,2.8021149549822124,0.5423602293948693
623,2.854930691265001,-1.4325621752101294
624,1.0112965982090445,-2.0722589500938593
625,0.8215953143482797,-1.7312687161270492
626,3.337650880032866,0.33936229468432244
627,6.386318247253869,2.291139790818444
628,1.8536855009931836,-1.4464917157316939
629,2.440262087502962,-1.3397080115962916
630,6.408654811618535,-0.27435218369991843
631,1.8340408181426622,-1.753112558644868
632,9.383338192209614,1.467358628110826
633,3.1410998088348734,-0.7107989552281075
634,3.2510410553572897,-1.3140170351993572
635,3.210086304070878,-3.8458382594345593
636,2.225531874300868,-2.4421787576724974
637,5.5828718421640575,1.7831545179660973
638,3.8573398703440795,1.5893403673682651
639,3.7121571854832665,0.7092484676586233
640,1.8559830012179104,-2.049658643253225
641,7.334734602965675,1.746328111352868
642,7.030251000619348,-3.1331108290491083
643,3.3425383956415966,1.0604986396660396
644,2.5460483658716218,-4.763800147879966
645,4.2209849354833615,0.5773935002659447
646,2.9594597528824336,-2.8334433579640663
647,0.29210714422904926,-1.659552268707123
648,-0.04928712574251026,-1.92270143920558
649,4.514007997781837,0.39525809091604214
650,2.01593556129008,-0.2624801340104439
651,2.952162716079574,0.023217298582685952
652,3.5457973498567315,-0.03185696985541764
653,4.611166041640507,-0.8563698975093599
654,5.759581677161281,-1.1362969269002001
655,5.031168634309347,-1.1240560179394476
656,3.044307711861767,-3.0237781266747468
657,4.251890000526691,0.8568557940845782
658,2.3006228293516484,-0.29402555796551666
659,6.663600024461436,2.597935110012945
660,1.6855843520148688,0.678776109924657
661,-4.143447880392905,-5.603459171349715
662,-0.37115059200816347,-1.3783369825713194
663,4.59255830157398,-0.3239500575218738
664,1.0611253551022435,-2.592065590754667
665,1.5063731075428235,-1.2968966791547234
666,7.0523627085008185,-0.06417891312727686
667,3.7308726375394508,0.18432834255789232
668,2.2690450221530956,-0.5280770150697985
669,4.885865172593531,2.865007335966059
670,-1.53153190130452,-2.942933695464628
671,3.5418954860203473,-1.6999444672303117
672,-0.7815060616749911,-4.7146999442978474
673,2.354326228525971,-0.9239011391709442
674,3.292186872067722,-2.4429384263238108
675,3.0820588841348346,-0.5137276625944084
676,2.7141818306134127,-1.5580454348965065
677,1.963384112579652,-1.7001975343887454
678,2.70196878491922,-1.2058926806481172
679,0.973594681591011,-3.8009830928751
680,2.2838199005323236,0.5979598657621623
681,2.9783994903443287,-5.869010413721294
682,6.025033894054507,1.7936486981877593
683,1.3413317439735783,-0.3010417518234564
684,8.132671959133395,3.629463757098958
685,3.1805599797924233,-3.650944712164526
686,1.649415800378545,-1.3605191248034236
687,2.3096628586735912,-5.189117609313538
688,-0.39109979382247717,-1.5675972528298692
689,1.399298607310403,-1.4202905097800842
690,2.326054105645927,-1.9393231400557704
691,4.851184246394665,-0.8545504199127842
692,2.589811986134225,0.09629775396623552
693,0.1404041132993794,-4.713422637297152
694,2.3288594856857716,1.2052846097669674
695,2.399302914785137,-4.027873556738692
696,6.092255143760406,-1.293140224175367
697,0.07407916364178213,-3.18625564470287
698,4.9365947555858805,0.740278497242093
699,-0.7292479884360241,-3.811292661093231
700,-0.6712239602595163,-3.617317922726823
701,5.516206164083588,1.6831002367258905
702,-0.9898185619143849,-4.514590929738988
703,4.953676209650606,2.036267713362905
704,3.653676000418934,0.358022463675961
705,1.9543067455169283,-1.237800319151801
706,2.1448991379291757,0.6311960497653004
707,3.9899955097483755,-1.7178051662501463
708,3.159356392578293,1.3410681633641883
709,0.9564593835402508,-3.617470274232227
710,1.056616928150025,-1.917044057364254
711,7.202580923525305,1.0598017129830617
712,5.087674415084168,0.5703337362246723
713,2.7362433109425055,-0.7778643082015289
714,3.7866756290009262,0.009545125535350474
715,0.8366367778196615,-0.2961738028973706
716,3.070255877182579,-3.0578387502563564
717,4.369554905106471,0.13437590052635362
718,0.33525321702791233,-1.3688087483753524
719,2.046427926912341,-2.544084627617617
720,1.0603277177449757,-3.593236056828671
721,-1.977933764030654,-0.9962240963669
722,3.3323629588001555,-0.83639136148772
723,6.177637316574066,2.931118205456986
724,1.2530156947609745,1.3905935650853474
725,6.490085104589179,1.7366730715051188
726,5.233662046100817,0.9619600311851269
727,7.355828055446209,-0.06680652848266411
728,5.524312635206232,0.13346084941124592
729,-5.529674196416,-4.405151267773613
730,5.196448813977669,0.7379411612567097
731,3.4228523870925427,-2.0018858692078667
732,4.489890770508472,0.5241215301630755
733,1.7431085728339284,-1.8087830943839607
734,2.3002850181862273,-0.6523667737722615
735,2.554938559414306,-0.053890284539752975
736,4.449395212192991,-0.027925782441499236
737,8.137237648404003,-1.1087588185723758
738,4.403269464247618,-1.0639495443515208
739,-2.0755292944688177,-4.109430851084656
740,3.161007150164819,0.988154237008626
741,3.711778378648761,-0.6918316322523099
742,3.666631770129646,-2.1561148330355246
743,6.078176275873641,-0.7888709115107954
744,2.8439868342696752,-0.6362466928204347
745,6.529733262184211,-3.2413617671093533
746,-3.1603834715289523,-1.349124408792666
747,5.046016282817002,-0.9243300392884086
748,5.228788934527672,-0.7807157343958661
749,-2.0459664887196043,-3.084162160834035
750,6.74013381071399,1.8916173810747106
751,5.354583524162865,-2.825881197678134
752,0.2847633248130452,-3.4140402668318592
753,4.016504222794509,-0.956382482611602
754,0.5897181830304872,-2.5084209782282714
755,6.444690402234042,1.1922854738492075
756,0.693519199716417,-0.16399031458967384
757,0.9336278441943007,-5.6700729050743455
758,-0.7396492803315717,-3.970976176836795
759,3.758971712034626,1.2025496416555694
760,2.948192288357323,-2.3544548187131014
761,1.6310771607805996,1.1331310108876127
762,4.707408639888906,0.18509303064669358
763,3.0037294885562655,-1.0243247444412842
764,4.061112478810683,-0.07171500696068589
765,2.08818590646324,-1.9123437367823093
766,-1.1650889601637386,-5.5814057305959315
767,1.4042853921797354,-3.508498962260967
768,8.201687881446304,0.8246542792749478
769,0.16555927524049396,-0.1464020552325801
770,3.4501299140139,3.497206920959383
771,3.939752492735338,-2.159143966928193
772,4.894963808549899,0.3925617562850092
773,2.070770767624055,-1.6768097100567751
774,3.1294211435921078,1.4719743542863544
775,3.5809983867544943,0.3582277181987421
776,-0.6516497130036747,-2.747750377350233
777,8.439518877519495,3.120581951508009
778,5.813227091214586,-0.3012876112637042
779,3.926182333385104,2.261973759437899
780,-0.6201941100394923,-0.09090256529975926
781,0.9065336488356723,-1.070233026544322
782,3.7594264412095626,-2.986326934303074
783,1.662182015259439,-1.7753700304766715
784,5.32513260159582,-1.2208023895052298
785,2.05409500968155,-0.8301560043249874
786,3.1280156687894585,-1.4636090549482954
787,5.020466919597993,0.4760232176119157
788,2.450767763747177,-0.28461195761074465
789,5.714394832754264,1.6920017783254955
790,0.507902240731172,-2.7478753156669384
791,-0.675517182434552,-2.487233348604353
792,1.2334750660394993,-1.206377366238172
793,-0.08644821432279093,-3.1677847502640337
794,3.3412302667535183,-2.922752648934024
795,0.5055592609159985,-1.7594794778170808
796,5.157695574500846,-1.7939967024616839
797,1.3273582819913885,-3.6996214564247496
798,-0.23864590399745422,-2.839429810859164
799,6.25903733766205,-0.1068252363783938
800,-0.7637078209139951,-5.292398015379503
801,-3.3600392267850276,-4.944872078254198
802,3.1317668623108075,-2.2062372851646437
803,3.539430343331889,-2.523122541188342
804,3.9112835363365908,-1.4166920584745355
805,2.0374726831428918,-2.1900180549804857
806,0.40164533508492894,-6.230470352838644
807,2.472976527485451,-3.137206765445263
808,6.240961475054735,0.5066994998821317
809,9.068641668624181,0.2828519156333591
810,7.511202166438753,1.9017380903729104
811,2.528202629580448,-1.6413957366727927
812,6.159598030659262,2.5588823820017983
813,3.9150434243299976,-0.8412348277476833
814,1.2993160011939728,-2.429591684098509
815,5.091754624855106,2.822794003869803
816,3.206023397790057,-1.3188924476799766
817,-2.305412829205734,-4.0995786013747715
818,2.6008621915637513,-2.465970612540472
819,-0.25090094056007217,-2.7906953425686707
820,5.9185896039993775,0.23230273155514425
821,4.191824739172705,0.08973052164181072
822,5.970730486368218,2.3666371089589764
823,4.517328564658042,1.17654221481882
824,2.673900666182843,-2.974957893486
825,1.5034254742279163,-0.8177672723050488
826,4.93683707500537,1.6324660868503789
827,9.760038885051593,3.7072035266754506
828,-0.11282858134652907,-1.8107012996437044
829,3.0245368827964336,-3.0980971514264377
830,-0.09984400913305125,-1.7310872316566748
831,1.3345969786489287,-2.3018138564709494
832,0.14449642970825893,-1.3790114806277254
833,2.7222404622379277,-1.5349539831069952
834,1.6153866971766597,-0.3008493555572672
835,6.594780703023378,2.944865416796853
836,2.59497170127633,-3.879761733512105
837,0.14385907990524371,-3.8015598243352398
838,0.7580391739611527,2.3460750256838465
839,3.7811775506439638,-1.0300622957807124
840,2.25018287520892,-1.6239130626890355
841,-1.7253176273612025,-1.9790087235590068
842,2.3917312586117276,-1.3657059443111645
843,5.559979882680017,-0.2742630284654064
844,-0.9191815617588439,-0.42867994657638153
845,-0.11127467883432773,-1.4671894611344376
846,5.668864622143687,0.39350166773860407
847,-0.05341585756189282,-0.8950968746307271
848,1.972479901665858,0.5513577120029007
849,5.314933385664345,-0.3136587288614281
850,7.604003917698256,1.475892175405431
851,3.210042601572346,-2.0389736190036207
852,1.7820505411451042,-3.4416348887778994
853,5.0425109799940895,-1.4797994779607755
854,3.2501609767162916,-2.815865551623707
855,1.9888582441177955,-2.514805763176878
856,3.2090553318880946,0.5717682483788851
857,4.399076494107214,-1.1146754617568244
858,3.899924879460651,0.38649878360334755
859,1.3177900138645569,-3.5353493695676748
860,1.2476559615296576,-0.9941897551474106
861,-2.7174239708975083,-4.053504096782439
862,3.477222747475438,-0.5479152287157405
863,3.2954424311403625,-0.31006906359176933
864,7.622387576131906,-0.5539284095581999
865,3.365617005148324,0.4485138303985583
866,-0.793761928565802,-0.8282387863702556
867,-1.6144936291524337,-3.7710281281085045
868,3.9887918733686414,-1.1027492036211213
869,4.363332435414478,-1.7120977947726388
870,1.3171926585849592,-2.665425138377771
871,5.233479353335294,0.44234187414962767
872,4.985401601096676,1.941815071736193
873,1.1738130554987158,-3.3133085652659724
874,7.888172540032215,1.9869017567798273
875,0.5241288952217773,-1.9555359252380844
876,1.2731507732001954,-0.12696427136726385
877,7.178441945703707,4.059457892560235
878,-0.16089030836202634,-1.961390160999996
879,2.9755819093819587,0.4303820264688034
880,4.628489682616072,-2.978801445356744
881,5.943443641413532,0.9993223712209818
882,5.892859287088205,-0.9335654313232389
883,3.9923649294478123,-1.1711485877504781
884,3.689633515761086,-1.8974374372606335
885,3.920490665288853,-3.949432962477932
886,-1.9445925211998336,-2.4414299185730366
887,-0.28570109093068785,-3.1769674529221392
888,4.072698675795351,2.2507359972705734
889,4.0039004182732585,-5.882586524962826
890,2.3683344747494752,-2.159109823648496
891,4.586313043055232,-0.27264448513216166
892,6.680336139284206,2.2849849697206492
893,2.9583730980714433,-0.6631910718900634
894,-1.88042056746629,-5.612987584370153
895,4.96603327957732,2.3399429211417706
896,1.6290718028325726,-1.051881705170633
897,6.495841197880306,0.8819943940159274
898,4.4921920825261505,-1.774310603680063
899,-1.3703111026053243,-1.411077752674809
900,6.571485329558153,0.9619072050004729
901,3.517021550898363,-4.031281019706153
902,1.660913421860136,-5.06812098997293
903,2.1966901355806563,-0.3143082438971172
904,-1.0356582421952387,-3.0172375854006894
905,1.434929869309517,-2.218730857738338
906,7.2603996740153685,1.483144569675396
907,-1.158793555860723,-2.4985228588648942
908,5.769568078229917,0.2452183979207625
909,4.6037061166172055,-3.6407852056328673
910,-1.7060020674916814,-2.7256985410197623
911,3.0796308156189984,-2.440750753641531
912,5.153125538682721,-0.5914122583098069
913,0.734180808572158,-2.068491669254965
914,4.8313016054567495,-0.5791278995892205
915,2.8387132233942416,-1.5123665774101167
916,0.00806764803196991,-1.7068629058844065
917,1.8930523637839503,-0.8477351787197734
918,3.258603041286729,-3.0311789036529695
919,4.476695248663552,-1.3333708353628944
920,5.528311037609194,-0.7457148833935403
921,9.51119645144945,0.9799802958588282
922,5.827534869729176,1.0077175674540704
923,2.618519863374174,0.5017684866336016
924,-0.08921107726897004,-3.8256544256119915
925,1.640411459266428,-2.4322941988487004
926,4.2865323203351,-0.7788690606438455
927,3.4540202771088397,-2.1700642260513803
928,0.13050039261478474,-1.2179770024079004
929,2.198463718134511,-0.21240529939486796
930,-1.2057571560880858,-4.868216800976692
931,2.5021539744263745,-2.240347233832278
932,2.2688790380868085,-0.8914171165323499
933,-1.3258373563008776,-3.666378891965802
934,0.750887280087484,-1.847307057785106
935,8.107241656172263,-0.030916274267586363
936,1.3756411494502983,1.234654814068223
937,0.7559273063292911,-3.926608471068953
938,4.931323808574186,-0.990919399697647
939,4.441290544894048,-0.19011427154634897
940,2.768038695289788,-0.8870915942334137
941,1.7208607183678077,-1.1198945315067312
942,0.13985952877592744,-4.063136513141422
943,3.107215310439151,0.003143652141821107
944,0.07408392585433932,-3.1181842434821023
945,3.972084329656912,-1.9880618428888086
946,1.7909086449017377,0.03718988196607542
947,-1.0099983816785363,-2.854716853327057
948,5.79153385943396,1.491957600935443
949,5.2519705511143595,0.5653281681351063
950,2.878299334879736,-2.4930189445696267
951,3.052946881540787,-0.4915695710691239
952,1.1252674548168853,-2.57668532039623
953,2.9021092410908325,-1.0073742049621048
954,-1.1227244318160388,-2.2006428469436923
955,2.702414402690725,-4.687213066745882
956,5.5165661396188925,0.6435015601922449
957,1.202090856673324,-3.5011955651193056
958,2.2499362523634945,-0.071244619209887
959,4.33594644506855,1.3483284491641618
960,2.7311534980885246,-1.8024833574096952
961,2.3063551478593456,-1.427706435981023
962,5.824473557246112,1.4951597120419193
963,4.349919368653373,-0.9515366685222307
964,2.747719326690946,-1.543757711769822
965,2.5306746553292396,-4.074068183656835
966,2.9980260789941773,-2.2844534440450692
967,-0.5539387856465616,-2.7370954710604214
968,2.7088157542672793,-2.111318665460586
969,2.2891170611762837,-1.1984290707949417
970,1.5477578948705155,0.4889529282853815
971,6.095176637204922,2.4337770085137285
972,0.9465245576225216,-2.9728695960650064
973,1.7121444583356575,-2.4551048374644044
974,2.9217770555371887,-2.5354579768567937
975,1.5945483094116715,-0.48700536796223526
976,0.29328007434373093,-2.6147823720399295
977,1.9228678574889495,-0.19640390509146244
978,3.561369412135752,-4.18978937296847
979,4.627370754879699,1.7677217370749063
980,2.894381496843389,0.09227047186220161
981,-0.934036271164365,-4.044233072656119
982,0.23784122909700445,-0.20947109606693948
983,7.700445831227246,2.3547930826161485
984,3.5747725099309293,-2.2503538645435293
985,2.461813451613601,-2.499681776234794
986,3.968349672739367,-2.4502315562194656
987,4.180852049049972,1.7008327587526604
988,3.374017546480295,-0.7068064485933219
989,3.326174617375554,-0.5440540617134009
990,-0.9050814490512988,-4.808499209756854
991,2.834856159995577,-2.007712730552075
992,4.171303995069865,0.8295035117677738
993,0.9663624647841642,-1.9884648606893447
994,4.5101813079973025,0.8429131839995283
995,6.484421402108927,2.0500551823632502
996,3.1948631706995663,-1.6546988110365657
997,1.2169028897944476,-0.5849708152244886
998,0.33259604922059616,0.3410722956083354
999,4.127060083312584,-1.8473708261424373
