"","x","y"
"1",-1.06519785476848,2.41602231329307
"2",0.20061166305095,0.0508693247102201
"3",-2.15951012307778,-0.225542888045311
"4",-0.643773137591779,2.18496798584238
"5",-0.975246698129922,-0.702547463122755
"6",-0.911281818989664,0.637968627735972
"7",0.321858583018184,-1.01905076019466
"8",-1.08197453571483,2.64709240570664
"9",1.22096595587209,2.0513566522859
"10",-2.30543425306678,1.45974390394986
"11",-2.68496475834399,-0.813117021694779
"12",-1.48372178804129,1.27323345048353
"13",1.3389781457372,2.51535903057083
"14",0.445278515573591,-1.68462564004585
"15",1.382438628003,-2.40897363983095
"16",-0.340063706506044,-0.0792723507620394
"17",2.8911121529527,-0.580468764994293
"18",-1.60017774067819,-0.798821547534317
"19",0.312036175746471,-2.19152996409684
"20",1.4610162768513,-2.10073514655232
"21",-0.265912395436317,2.32448203163221
"22",0.423076339066029,1.7754363133572
"23",-2.1083757514134,1.44383461028337
"24",1.686892750673,1.14518919680268
"25",-0.683900437317789,-2.58299344824627
"26",-0.458978473674506,1.31038591498509
"27",2.82899719895795,0.418812233023345
"28",-0.652369148097932,-0.1014762846753
"29",-1.79867327492684,-2.37607306335121
"30",-2.17058707913384,-0.261019400786608
"31",-0.943012319505215,-1.45626467652619
"32",-2.39519635168836,-1.57324431650341
"33",1.19883108884096,2.46977431001142
"34",1.85433304589242,-1.58278529997915
"35",2.31205052649602,0.823074932210147
"36",-1.87837940035388,1.55676389671862
"37",-2.1971430759877,0.942136520985514
"38",-1.06605399213731,1.54349349299446
"39",1.5802226504311,0.921896353829652
"40",-0.487315408419818,2.85402599629015
"41",-1.38410042552277,-1.0114529854618
"42",-0.512799157295376,-2.39400492981076
"43",-1.02160505158827,-2.13147515477613
"44",-0.423175536096096,1.52360199205577
"45",1.35706461360678,1.70217291684821
"46",1.70059530157596,-2.11651850491762
"47",1.02147010993212,-1.2096870392561
"48",1.22516361577436,1.8040600894019
"49",-2.3790840622969,-1.30036579817533
"50",1.8450153786689,0.20168900443241
"51",-2.86893447674811,0.511968207545578
"52",-0.360130239743739,-0.61450839182362
"53",-0.81935666128993,0.735336895566434
"54",-0.685686801094562,-1.66558280121535
"55",-2.19091152772307,-0.26066907774657
"56",-0.588356288149953,1.52053213817999
"57",2.03483858797699,2.01289451820776
"58",-1.61471851402894,-0.189312111586332
"59",-1.74121618224308,-1.459708572831
"60",-1.7623054725118,0.168115206062794
"61",-2.00696483021602,-1.11352015659213
"62",0.0834096358157694,2.96599813504145
"63",-0.666416684165597,1.37912366352975
"64",0.593186637852341,2.47686982853338
"65",-2.03233777871355,0.206196843646467
"66",2.76555009791628,-0.67189393658191
"67",1.03097043698654,2.73929153569043
"68",0.133861340582371,-1.50572046730667
"69",-2.04375724308193,-0.689389050006866
"70",2.20324348658323,-0.0336743560619652
"71",0.712551197502762,-1.92248916998506
"72",0.816433814819902,2.71363764535636
"73",2.22192267654464,0.540436092764139
"74",1.23861446930096,-0.390739002730697
"75",2.12921263463795,1.30218840949237
"76",-2.48668737290427,-1.08521503116935
"77",0.975177094805986,-0.492418946698308
"78",-1.68002063222229,-1.56791332969442
"79",2.6308569079265,-0.270308102946728
"80",0.937067576218396,2.38901322288439
"81",-2.65549051528797,0.521771541796625
"82",-2.5646691354923,-0.270484688691795
"83",0.109480454586446,0.929682124871761
"84",2.84175071725622,-0.490687505342066
"85",-1.13158946530893,1.52942746505141
"86",0.952038346789777,0.885684041306376
"87",-2.5944295716472,-0.0600912035442889
"88",0.532288405112922,-0.134026267100126
"89",1.10298994230106,-1.61136000137776
"90",-1.68440077034757,1.44484388502315
"91",-1.5344202532433,1.73165518278256
"92",1.01191853033379,-0.754618279170245
"93",2.35838417848572,-0.54473061254248
"94",1.19866738189012,2.01011139526963
"95",1.27829017862678,2.0548128769733
"96",-0.699070314411074,-2.31289819674566
"97",1.67906101047993,-0.409832431934774
"98",1.53594844182953,-0.69666410330683
"99",-0.175891119986773,-1.78822461375967
"100",0.448394300881773,-1.97010676329955
"101",-2.25985526433215,1.76535545429215
"102",1.10320478864014,-0.292572379577905
"103",-0.169694124720991,2.22194014722481
"104",-2.2027500718832,1.62576533015817
"105",2.45533485291526,-0.198489679489285
"106",-2.45757272606716,0.739065069705248
"107",1.94345110422,-0.169839929323643
"108",0.581811149138957,1.27065532654524
"109",-1.97127892775461,-0.266326564829797
"110",1.39528455259278,1.83474161010236
"111",0.698595395777375,-0.358544155955315
"112",1.6510668899864,-1.38567676115781
"113",-1.33994142338634,-0.0442043873481452
"114",1.70908761117607,-0.927255432587117
"115",-1.68013504520059,-1.29580484423786
"116",-0.577531753107905,-2.31945508997887
"117",1.91693757427856,-2.14390326663852
"118",-2.04446043726057,1.46478674188256
"119",0.684003937058151,0.0932555221952498
"120",-1.53394934954122,0.108418538700789
"121",-2.02959230029956,-0.749260572250932
"122",0.403065271675587,1.80660500423983
"123",-1.81267456384376,-1.74321673018858
"124",0.696569031570107,2.57293031131849
"125",0.80261529609561,0.716345355380327
"126",2.04750553518534,-1.16710549173877
"127",0.155905582476407,-0.744172418955714
"128",-2.00304437801242,-1.44671692606062
"129",1.05234990175813,-0.616698922589421
"130",-1.41588043374941,1.88667334383354
"131",-0.321329170837998,1.0825664321892
"132",-1.54631495056674,-0.402891878038645
"133",-0.750014584511518,-2.37605088204145
"134",1.20127315213904,0.134946797043085
"135",-0.0439668917097151,2.20517562283203
"136",2.11162916198373,-0.743239331524819
"137",1.37855828041211,-1.71261224476621
"138",0.154215644113719,2.28628722997382
"139",-0.506243758834898,-1.79684274829924
"140",0.576508670579642,-0.709952410776168
"141",0.611680646426976,-2.46370111266151
"142",-1.55386293958873,-1.3889960157685
"143",-2.88175692642108,-0.545255701057613
"144",2.25340414093807,-0.864353676326573
"145",1.56650131149217,-1.47963613970205
"146",1.93855188041925,-0.836661930195987
"147",0.0496145552024245,-2.31111135240644
"148",0.614037669729441,-1.51889869803563
"149",0.894389186985791,0.946251645684242
"150",-2.67086509522051,1.36310110520571
"151",-1.20000583492219,0.290483128745109
"152",-1.55251128366217,1.5952922240831
"153",-0.407108080107719,0.984506644774228
"154",-2.88771613687277,0.330169136635959
"155",-0.71252040239051,-0.236238487064838
"156",1.5661286842078,-0.968742830213159
"157",2.88132817810401,0.446366351097822
"158",-2.06177810160443,0.111345916986465
"159",-2.86982390843332,-0.284925929736346
"160",-0.0287358490750194,-0.441511389333755
"161",-2.03622667165473,-0.020460715983063
"162",0.891846370417625,-0.443177534267306
"163",1.77866926649585,-0.88218104839325
"164",-1.67037691036239,0.747703350149095
"165",-0.752960151527077,-1.64153618272394
"166",-1.63359320210293,1.48633013712242
"167",-1.02993376879022,-2.34184020990506
"168",0.203980078920722,1.834619065281
"169",-2.82131461193785,-0.906586356461048
"170",-1.19640593603253,0.740101732313633
"171",-0.755201532505453,1.21735396888107
"172",0.356992864049971,-1.19352832529694
"173",0.583526832517236,2.80661604506895
"174",1.84106543473899,-1.33124447241426
"175",0.074534245301038,1.90853386698291
"176",-1.29595867870376,0.123844927176833
"177",2.69133090600371,-0.222915607038885
"178",2.72228205995634,0.934228780679405
"179",0.544007191434503,-1.04350241459906
"180",0.675864205230027,-1.2200925797224
"181",1.3338473229669,0.0390079231001437
"182",-0.657889278139919,-2.54981380328536
"183",-1.81104949861765,1.0691367094405
"184",-0.330664069857448,2.12330519920215
"185",1.21344482665882,-0.316868507768959
"186",-2.74308482464403,-0.35117996390909
"187",-0.389610941056162,1.38272892124951
"188",0.734687964431942,-0.567403779365122
"189",-0.0966744851320982,-1.52412094222382
"190",2.15737556526437,-0.132204580586404
"191",0.255169899668545,0.970438015647233
"192",-1.24723676964641,-2.4029033202678
"193",-1.10491751041263,2.11601449968293
"194",0.901523357257247,2.25894579850137
"195",0.09562555141747,-0.382487568072975
"196",1.52224644552916,-2.53332003112882
"197",-0.25188974943012,2.88970736553892
"198",1.50281152641401,2.54266083519906
"199",0.721259124577045,0.809234838467091
"200",0.574213593732566,1.04027738375589
"201",-0.0319634964689612,-2.55570682743564
"202",0.241362975910306,-0.246617884375155
"203",-0.596254207659513,2.74751129653305
"204",1.06195262353867,-2.50939004821703
"205",-1.91997298132628,-0.132277165073901
"206",1.46613407274708,1.38813858898357
"207",-1.46624176343903,-1.87179895257577
"208",-1.07895094994456,1.58724678028375
"209",-2.42286263778806,-0.29127308819443
"210",2.23399444576353,-1.75053842738271
"211",-1.22101126704365,-0.664202276151627
"212",-1.3125666375272,1.90957866003737
"213",0.896708226297051,2.03310904093087
"214",0.44716613413766,-0.423009137157351
"215",0.229175064247102,2.18422276480123
"216",2.15676454408094,-1.22637153603137
"217",-1.49380226014182,-1.05120248906314
"218",1.02938582282513,1.83517922786996
"219",0.735913659911603,-0.765795727260411
"220",0.293765894137323,2.21081669535488
"221",-1.78522182907909,-1.83692353963852
"222",1.87716201134026,1.69297712668777
"223",-0.91821350902319,-0.636512495577335
"224",1.022453059908,2.19019467104226
"225",1.21540172584355,-2.41130807390437
"226",-1.12059448286891,-1.56504461076111
"227",0.519430421758443,-1.55391177814454
"228",-0.976458901539445,1.24688541563228
"229",2.27611604612321,1.56520661897957
"230",1.79435538640246,-0.773073489312083
"231",1.12890513427556,0.397067571524531
"232",-1.36346571799368,-0.878942366223782
"233",-1.61398869752884,1.29860029695556
"234",-0.802139799110591,-2.03889972344041
"235",-1.55843362910673,2.28749156557024
"236",2.47408070415258,-0.823592887725681
"237",1.7722174488008,0.670814772136509
"238",-2.10996036417782,-1.2594564598985
"239",-2.13341418234631,-1.18873473303393
"240",-1.10587409930304,-1.28663259465247
"241",2.43223684793338,1.06902348529547
"242",2.55246268166229,1.49290700582787
"243",-1.25169294141233,-2.57040001312271
"244",-0.695219409652054,-2.81583378463984
"245",9.09482328221202,-2.03986744396389
"246",0.415993491187692,-5.00951115507632
"247",-3.51672417484224,-4.06552974600345
"248",-6.35405336506665,5.12241227086633
"249",5.57263775262982,-3.61612333916128
"250",0.562951127067208,7.7462558215484
"251",-0.933961099945009,6.40957294031978
"252",-0.912841982208192,-7.2578237298876
"253",0.415469319559634,-5.55245195515454
"254",2.46140997391194,-4.69619619660079
"255",4.86584368161857,4.25524542573839
"256",-2.6155094569549,4.59275542758405
"257",-2.6162083260715,4.61528838146478
"258",7.51957076601684,5.7507032668218
"259",0.36849161144346,7.86620607133955
"260",-7.87201342638582,-3.61252223141491
"261",-6.97640669997782,6.67832897044718
"262",-5.10008972138166,-6.44853919744492
"263",0.446225837804377,6.60851298831403
"264",-3.04780857171863,5.92855603434145
"265",-6.15431632380933,3.00718084909022
"266",-0.414685583673418,7.49761691316962
"267",8.4519373672083,-2.47928018681705
"268",-4.22186254058033,8.09540087357163
"269",-2.37483367323875,-6.73017378896475
"270",0.0877391966059804,-5.24263161234558
"271",-7.13392842095345,5.15183876734227
"272",-0.84226752165705,7.91268337517977
"273",5.50797833129764,-4.02719563804567
"274",-0.217707473784685,-8.25898346025497
"275",5.52861305885017,-0.87868089787662
"276",-8.61690981779248,4.53765768557787
"277",-2.06463638693094,9.42353356163949
"278",2.31363259721547,7.79469226486981
"279",7.17117503285408,-4.93298148736358
"280",6.37649637646973,-1.42287685535848
"281",6.97953870985657,-6.59738762304187
"282",2.27738420479,7.80370646156371
"283",2.36063971649855,-9.6635640412569
"284",-7.97313182149082,2.3335845535621
"285",-4.31687055155635,5.95098455436528
"286",3.20146000944078,-4.91813885048032
"287",9.28126404993236,1.12414652481675
"288",-2.15662931557745,-4.5805488107726
"289",-6.11572247929871,-3.21798670105636
"290",-8.93913521897048,1.68335343245417
"291",-5.08087534457445,2.43009190075099
"292",2.78901867568493,4.46128299459815
"293",9.04381645843387,2.0629644440487
"294",-6.72736056149006,2.82021306455135
"295",3.36912667378783,4.67861028853804
"296",-2.42156162858009,-5.9891961235553
"297",4.25584086682647,-5.53548311814666
"298",-8.60318644437939,1.39486974105239
"299",4.88868316169828,2.01500266324729
"300",9.60359794553369,-0.48624848946929
"301",-2.57133343722671,-8.59999086242169
"302",8.59744228888303,1.62612356245518
"303",6.10175935551524,0.113251442089677
"304",-5.56858115829527,-7.4902426591143
"305",-5.03554882947356,2.23608886357397
"306",-4.7464191634208,6.23226264026016
"307",-7.90429648011923,-0.301350466907024
"308",3.49756512790918,-5.75822281185538
"309",2.93097915127873,8.1707990122959
"310",1.54041557572782,-8.16857915371656
"311",1.06583553366363,9.65926007367671
"312",6.28194498829544,1.0928607173264
"313",0.250830929726362,6.52096116915345
"314",1.94918168243021,6.67210868094116
"315",7.14349506888539,6.87910375650972
"316",-2.46703971643001,-6.54494797810912
"317",-1.87961905263364,5.23038428742439
"318",2.75930038653314,-5.0111953355372
"319",-7.65432681888342,5.23425641469657
"320",-8.87025702744722,-4.56761659588665
"321",-6.15693273954093,1.64386148564517
"322",2.14491447433829,-8.72076383791864
"323",-3.51650665514171,4.38259756658226
"324",5.54030089639127,-1.12486730329692
"325",-9.2781220190227,-3.01669052802026
"326",-3.4967491729185,6.73897579312325
"327",2.57838172838092,8.41785128694028
"328",-1.38736905995756,-7.04743889160454
"329",-2.43554972112179,-6.62158931139857
"330",-1.60096733830869,6.87067099381238
"331",2.23084780853242,9.53415281139314
"332",-6.54789977241307,-0.0963667361065745
"333",-8.31012248061597,2.00771008618176
"334",1.06594530399889,9.31298926007003
"335",-0.840004840865731,7.68707757350057
"336",3.45529977232218,6.75585439428687
"337",4.66111984569579,-4.03831532225013
"338",-7.2867756197229,3.69587588589638
"339",-7.22456859890372,0.483028017915785
"340",-0.0449347356334329,-8.50071281660348
"341",-4.21166214160621,-3.5852414323017
"342",4.03586613480002,3.31507936585695
"343",2.69568990450352,8.76509535126388
"344",-4.03268679045141,-5.87938954588026
"345",-0.8584079798311,-9.71194201149046
"346",-4.07054337207228,4.7644221317023
"347",1.3643586402759,-7.08852941635996
"348",3.78065775148571,-8.4110896056518
"349",-3.66218232084066,-9.27558071911335
"350",-4.85549503471702,-8.62023706547916
"351",-5.54395117331296,-3.97606865037233
"352",6.71422936487943,5.16855803783983
"353",0.222108699381351,-5.57806809898466
"354",-2.63711849693209,-7.98774963710457
"355",-3.48610112909228,-4.3537305528298
"356",0.0431747315451503,7.24262155592442
"357",3.65081374999136,-7.93119695503265
"358",8.2122345874086,-3.3335884148255
"359",-3.39022201020271,-9.33427642099559
"360",-3.09607411269099,-6.02423951029778
"361",3.61093951854855,7.40792362485081
"362",-0.536509053781629,7.39613047800958
"363",4.85068601090461,7.73336155340075
"364",4.41940571647137,-6.04319526348263
"365",2.41198149975389,-8.67749007884413
"366",8.86251419316977,0.0133823230862617
"367",-5.04080547019839,-2.87633520551026
"368",-3.74900326132774,3.94041585270315
"369",8.60094018746167,1.42427981831133
"370",1.84505706187338,-6.11651262734085
"371",-5.47786297276616,-0.0134331546723843
"372",8.37283671367913,3.72539563570172
"373",0.731202336028218,9.20279612764716
"374",0.527404565364122,-8.70362553745508
"375",7.87915963213891,-4.48234477546066
"376",-7.8107731603086,3.54247116949409
"377",7.04684835392982,4.67185558751225
"378",-4.47245867457241,-3.90754625201225
"379",-7.38298569340259,1.67352893855423
"380",0.00507936347275972,-6.32233694195747
"381",-8.17116652149707,1.2522287806496
"382",-5.16802370082587,0.0233264826238155
"383",7.7704536402598,1.21510438621044
"384",3.69570081587881,6.71624853741378
"385",1.89182101283222,5.94295509625226
"386",-1.83402409311384,9.52237014193088
"387",3.14890361856669,-8.30919168423861
"388",8.2096793083474,-2.78910294640809
"389",5.38596044294536,-0.184638821519911
"390",-7.79171563219279,5.05916411988437
"391",-4.17393524199724,6.01906789001077
"392",-9.39298291690648,-0.020971829071641
"393",-6.22382254805416,1.80514760315418
"394",-6.30680731963366,7.32217231765389
"395",0.988002074882388,-8.16335663665086
"396",1.72477073501796,-4.74352755583823
"397",-5.30705795157701,3.04608364123851
"398",-6.59247069153935,-4.53508177306503
"399",8.00576285924762,-3.59974546357989
"400",-7.56484156940132,4.69259774312377
"401",-3.31691031344235,7.48727490194142
"402",7.00803397223353,-1.3799107959494
"403",5.40098473895341,-2.48228977899998
"404",2.35945955850184,9.68284404836595
"405",-0.349031230434775,-7.08425305783749
"406",-1.37051777448505,9.2721472773701
"407",-4.01151758152992,4.13551977835596
"408",-5.62267922330648,2.77977134101093
"409",-8.44190841540694,-2.58736571762711
"410",6.61113971378654,4.37201015185565
"411",5.97690664697438,6.69530870392919
"412",-6.11727424431592,5.80902038607746
"413",5.58212145231664,-7.49172644689679
"414",-6.5637629525736,3.31048052757978
"415",5.27473612688482,6.01561253424734
"416",-5.40252254344523,-4.593794667162
"417",-0.213035000488162,-6.02769684512168
"418",-7.5303482497111,-4.40716319717467
"419",4.52536354307085,-2.15678246226162
"420",6.30506420508027,3.80618431139737
"421",-8.10123382601887,-0.00793816521763802
"422",0.59479100164026,5.98261252976954
"423",-2.10766849573702,5.71493891067803
"424",0.675612380728126,4.9786888808012
"425",-4.42055922467262,-7.2428447753191
"426",4.28715559188277,-3.00078936386853
"427",-2.90483593940735,-6.44746574107558
"428",4.60047661792487,-5.5347105441615
"429",0.660033756867051,-7.48278674203902
"430",2.70426064729691,5.33764854073524
"431",-5.63954946119338,7.20687046647072
"432",-5.60993088874966,-4.64830848388374
"433",7.50309275928885,-5.36926135420799
"434",-3.33596328273416,-8.75035462900996
"435",2.77879846282303,-7.2767844516784
"436",4.19219380244613,2.94715761207044
"437",-0.184926535002887,5.18548102583736
"438",2.71337752696127,-5.16907815355808
"439",-2.88858642335981,7.90274089202285
"440",-5.92617005575448,-0.0377462618052959
"441",4.52673160471022,-2.91362446732819
"442",-4.74282809067518,-5.95319798681885
"443",5.94920952804387,4.07284580171108
"444",-6.80693689268082,2.17432797886431
"445",6.51562928687781,7.44317558594048
"446",-1.89457179512829,-6.53864552266896
"447",-6.5485213091597,5.85982347838581
"448",8.43662838451564,3.79967751447111
"449",5.48791586887091,-0.0938930874690413
"450",2.06201486755162,-9.6103353286162
"451",3.50173813290894,4.35771054588258
"452",-8.25128207914531,-3.18937288597226
"453",4.88269924651831,-3.18133905995637
"454",0.120228561572731,-8.64088003057986
"455",-0.386785953305662,-6.27714020200074
"456",-1.60444240085781,9.45038032718003
"457",-8.2265879586339,-3.98348259273916
"458",-9.45513599086553,-3.13984373118728
"459",-1.65697067044675,-6.43783265724778
"460",-5.24864131584764,-6.00205694325268
"461",5.6718212319538,-5.64865994732827
"462",9.65715394355357,2.39134407136589
"463",4.67879553791136,-6.71488306950778
"464",5.13381849974394,-5.73407262098044
"465",-5.10017838794738,-1.92961545661092
"466",-8.0740441288799,-3.51830274797976
"467",6.99752363376319,4.75153189152479
"468",6.89589268527925,-4.21827771235257
"469",-7.09211884066463,-2.36581478733569
"470",-4.23505602404475,-6.19730557780713
"471",3.87141826096922,-4.00328571442515
"472",-2.17086835764349,-7.30842801742256
"473",5.4059239057824,-8.37479800451547
"474",6.81241984479129,5.80910658929497
"475",2.91708497796208,8.55686628259718
"476",-2.96777265612036,6.67134836316109
"477",-8.23330202139914,0.0767702795565128
"478",1.63264223374426,7.99042055848986
"479",-5.02476220019162,3.65300154313445
"480",-6.8443256476894,-0.148030067794025
"481",0.35107078962028,7.92651478666812
"482",2.1410708874464,6.04233553167433
"483",-5.39825346320868,-1.47373422514647
"484",7.10146132856607,-5.9465086273849
"485",-9.82486021704972,-0.0791955273598433
"486",-0.23854112252593,8.26670222450048
"487",3.73593267053366,5.27879340574145
"488",0.278939926065505,-8.47945630550385
"489",4.2664353735745,-3.50428897887468
"490",5.03104965668172,3.80831074900925
"491",-1.87289609573781,9.64172603096813
"492",-8.78168829251081,4.00650187395513
"493",0.973045290447772,6.75185672938824
"494",-3.68386250920594,3.76917925663292
"495",-1.39685547910631,-6.24371990561485
"496",8.85405877605081,-2.00951468199492
"497",-3.23586206417531,6.15880869328976
"498",-4.30720483418554,-4.25735017750412
"499",-3.82935360074043,-4.25038002897054
"500",-5.30631073284894,-4.71022961195558
"501",5.49407229293138,1.2378395954147
"502",-2.63794044964015,-7.85647689364851
"503",-2.92273447848856,-8.08327737264335
"504",-0.913720047101378,8.51354221347719
"505",-8.91023641917855,2.53322154749185
"506",2.92340855579823,-6.24121385626495
"507",-3.97467803675681,7.71137299481779
"508",0.884340289048851,8.45028363633901
"509",8.73394906520844,0.960750821977854
"510",4.21365213114768,-7.58812297601253
"511",-2.6949800690636,4.4547062041238
"512",-3.19518146570772,-5.71156659163535
"513",5.27985287830234,5.58050666935742
"514",3.46623062156141,5.82985909190029
"515",-7.83230584580451,0.827831914648414
"516",2.16954267118126,7.55908547900617
"517",1.88872717320919,9.34205308090895
"518",2.34421776607633,7.27300393395126
"519",3.06946554686874,8.48402163945138
"520",-1.80348486173898,4.87950422801077
"521",-2.0744515163824,-5.05259274505079
"522",9.4630623050034,-2.52381412312388
"523",8.56757132336497,1.11723461654037
"524",3.41987917665392,-8.09743002057076
"525",7.2811842802912,-4.74605354946107
"526",-0.271937237121165,-7.72530729416758
"527",-8.91646139323711,-1.98900868650526
"528",8.38582078926265,1.01762189995497
"529",-2.73327384609729,-5.16597555484623
"530",5.17243344336748,-5.74924737680703
"531",-7.06434809602797,-3.77045758999884
"532",2.33344556763768,7.07499294541776
"533",1.75569936167449,-5.21942218299955
"534",-4.04252012260258,-7.58943951688707
"535",5.43237559963018,5.71514046750963
"536",6.64397009648383,5.60420204885304
"537",6.57975422218442,1.96227214764804
"538",4.14069842081517,4.08543150406331
"539",1.80016324389726,5.58782497420907
"540",-5.30558371916413,-6.53528193477541
"541",8.07039690669626,-3.14578909892589
"542",-8.42643874231726,5.35552794113755
"543",-4.67238012235612,3.71409037150443
"544",0.130137926898897,9.34918724466115
"545",9.4907165877521,-1.95525809656829
"546",6.97335850447416,-3.58004303649068
"547",5.62019416131079,5.75433112680912
"548",-8.63153347745538,-4.92271932773292
"549",5.11715455912054,5.10236508678645
"550",2.82445824239403,-6.36808612849563
"551",-6.083995080553,5.44454643968493
"552",-4.80689723510295,5.33395847771317
"553",7.75093035772443,-5.88029612321407
"554",-8.27953717205673,-0.0542612001299858
"555",9.52956719789654,-1.42691501881927
"556",9.04844250064343,0.575998886488378
"557",5.99202812183648,-6.72666239086539
"558",-0.12135524302721,8.87225981801748
"559",2.20230442006141,5.47543524764478
"560",3.42808810994029,4.39443539362401
"561",-0.831954758614302,-7.27154037449509
"562",5.09402159135789,-5.49893634393811
"563",4.18289265595376,-3.03402081597596
"564",5.04611274693161,-6.9007735978812
"565",-4.22589553054422,-8.55432456359267
"566",3.41261166613549,4.5465604076162
"567",7.71350919734687,6.18770648725331
"568",4.00687863118947,6.31529812235385
"569",5.14364994131029,8.12141893431544
"570",3.03422973491251,-9.25762084312737
"571",-5.47843373846263,1.73801355529577
"572",-6.67269384022802,-3.76054606866091
"573",-5.11974242515862,-2.42730220314115
"574",4.69224730506539,6.01353738456964
"575",-2.172208186239,-6.41553118359298
"576",-4.77899339515716,5.85352096706629
"577",-2.82065736595541,-6.60893055610359
"578",4.81076350435615,7.5556854903698
"579",6.60101707559079,-2.36110725440085
"580",-2.61043416336179,5.32911682501435
"581",3.06724124122411,-7.54163399804384
"582",2.50848482828587,-7.14937516022474
"583",-7.82358053140342,-2.33625130727887
"584",7.63070428743958,2.71564362570643
"585",-6.75748252309859,-3.96756047382951
"586",-3.45380415674299,7.15498509351164
"587",-6.75783940590918,2.30334464460611
"588",3.68502012453973,8.09309317264706
"589",-3.57571436092257,8.77175597008318
"590",-4.47446862235665,6.0447182552889
"591",6.55400224030018,2.91626033838838
"592",6.23906943481416,1.21255723293871
"593",-3.86030342895538,4.6182964509353
"594",5.30071055982262,5.93586233910173
"595",-7.72082226350904,-2.10025125648826
"596",-6.95430373307317,-6.71048699878156
"597",4.03856072109193,-7.12517437059432
"598",1.43950923811644,9.4894279865548
"599",-3.04777453187853,-5.91439414769411
"600",2.14996144175529,-9.09847288858145
"601",-3.19450806826353,7.63327188789845
"602",2.05571185331792,6.13406224641949
"603",1.30390140693635,-5.41567718610168
"604",3.91682776622474,5.50706319976598
"605",7.71504082717001,6.14123048260808
"606",6.48623097222298,-3.63371390849352
"607",-2.91399462148547,-7.21992298029363
"608",8.08644547592849,-4.40964513923973
"609",6.12462622113526,5.44453172013164
"610",-0.99676204379648,5.10778871364892
"611",1.72149844001979,9.08390349242836
"612",-1.32181653287262,7.6204538391903
"613",6.01843862328678,5.03866559825838
"614",8.39130073785782,3.61679056659341
"615",-1.31030800752342,5.22175820544362
"616",-0.6511674169451,-8.81442319136113
"617",1.35901051107794,8.29061815980822
"618",5.64843857195228,8.02369199693203
"619",3.38192883413285,-6.55240647029132
"620",-3.79870629869401,4.20060003176332
"621",-7.28471911512315,6.0381326964125
"622",3.65190748125315,5.27926771901548
"623",-4.45224930997938,-5.32119276467711
"624",5.47659836243838,4.38540335744619
"625",-6.71044760383666,3.90860801562667
"626",-4.51794041320682,-5.91576205100864
"627",7.38157743122429,2.91811617091298
"628",-4.14402913767844,6.15842290688306
"629",3.37951420340687,-3.73647208325565
"630",3.72156093362719,6.16699503734708
"631",-1.75897970795631,-7.57753585465252
"632",2.66430572606623,-5.73638569563627
"633",-8.18867580033839,-4.02362045366317
"634",5.99866376724094,1.92403813358396
"635",1.94130693562329,6.06132654473186
"636",8.07783840689808,-3.84888802655041
"637",-6.89158488530666,3.30882605630904
"638",-1.12758649978787,6.98941405396909
"639",-0.451179384253919,8.3448836999014
"640",-5.57902378961444,-6.01180233061314
"641",-1.05918873101473,-8.97931561805308
"642",-1.57871415838599,5.63461697660387
"643",-6.52312710881233,-1.15386795718223
"644",-5.07211159449071,-1.72507132869214
"645",-2.27464702911675,7.21460113767534
"646",3.3739170897752,-7.56409492343664
"647",8.52706415113062,0.241501312702894
"648",1.37222811114043,-8.31174829509109
"649",2.38597688730806,7.43107825051993
"650",0.248108226805925,9.06289006117731
"651",1.25950164627284,-6.99005031958222
"652",0.0632852874696255,8.12628555111587
"653",-9.35097915586084,0.326322410255671
"654",0.639491737820208,6.48322472348809
"655",-5.50681286025792,-1.18629540782422
"656",-6.08125227503479,-1.37575351633132
"657",-2.42075762711465,-7.50497677363455
"658",6.45646064076573,7.51281705219299
"659",-7.22844892181456,6.74603322520852
"660",-2.17896668706089,7.56762693636119
"661",2.62464967090636,-6.40953243244439
"662",-6.39424287714064,-2.90693075396121
"663",8.51294377818704,2.82857473008335
"664",0.0100772920995951,-7.24229915998876
"665",6.83240101207048,-2.72860568482429
"666",-5.36430807318538,5.70082063786685
"667",2.42366634309292,9.24893306102604
"668",-5.4510250268504,-7.79867760371417
"669",3.30763645935804,6.85588093008846
"670",-8.67571197915822,-1.10031713265926
"671",-7.90522593539208,0.0965551985427737
"672",-7.16899626888335,2.96425904147327
"673",6.90156824886799,-4.71960543654859
"674",-8.93054880667478,1.21220715343952
"675",6.00030207075179,-1.68921778444201
"676",6.81189727969468,-1.54321942478418
"677",4.23259941395372,-4.92731003090739
"678",-3.95951076410711,7.54337419290096
"679",-6.86106030829251,0.798264900222421
"680",-6.26589585095644,2.56915162317455
"681",-8.27007386833429,3.34770484827459
"682",-4.48658913839608,-3.54754669126123
"683",5.8414589939639,-7.09546851925552
"684",-5.45704710762948,5.48171597532928
"685",4.38595662359148,-6.13354825414717
"686",3.34881354123354,9.35656628105789
"687",5.04237154033035,7.39695423748344
"688",-6.13775923848152,-3.49485942162573
"689",-4.57195534836501,6.15938294213265
"690",5.0512547371909,1.35234319604933
"691",-2.13074249215424,5.11751538608223
"692",-3.98700937628746,-4.29994442965835
"693",-4.21132018789649,8.88962810859084
"694",1.04901751503348,-8.92271998804063
"695",4.8020131373778,-5.15243461355567
"696",-6.63811281789094,1.71742214355618
"697",-4.83445020392537,-1.392389270477
"698",-0.0679493462666869,-6.58154627773911
"699",2.22866656258702,-5.42937477584928
"700",-5.27386631350964,5.35240219440311
"701",7.12746401317418,-4.95906488504261
"702",-3.87042662128806,3.67127830162644
"703",-6.0638624895364,4.50357216876
"704",8.00828199833632,2.87175475154072
"705",-0.854163775220513,-7.78084246441722
"706",2.72754565346986,-8.81319248117507
"707",-6.85982767492533,-5.0062719732523
"708",-9.01841942220926,-1.7565239360556
"709",-0.323893795721233,7.17173673212528
"710",-4.75936618167907,-5.18068287521601
"711",9.20619141776115,1.10820685047656
"712",-6.75536655355245,-4.539889767766
"713",5.02016901038587,-8.00603759940714
"714",3.29471122473478,-9.32874162215739
"715",3.56366046704352,-7.90829202625901
"716",3.12257608864456,-4.69517919234931
"717",6.6936480300501,-6.88935628626496
"718",2.90960864629596,-8.07866675313562
"719",3.97389804944396,-3.43124325852841
"720",-6.98784065898508,4.93163579143584
"721",3.92675718292594,-5.17857642844319
"722",-7.83290642313659,-5.59005576651543
"723",-8.76052486244589,2.62819068040699
"724",4.49093085248023,6.22950965538621
"725",-3.59862338751554,-6.34010777343065
"726",4.03424600604922,-5.86177095770836
"727",-0.833558919839561,-7.43443131446838
"728",8.36577916052192,5.36015758290887
"729",3.69889121036977,-8.51301778573543
"730",-5.91525593306869,-6.51019458193332
"731",7.66921146772802,-2.14998483192176
"732",1.20956955943257,-5.24829245172441
"733",4.52418184373528,5.92848426662385
"734",2.22375690471381,6.26282846555114
"735",-2.47648329939693,6.05318600311875
"736",2.10486958734691,6.38488138560206
"737",0.351822134107351,-7.47274267952889
"738",3.47029319498688,-3.73595001176
"739",5.34306667279452,1.17601322475821
"740",-2.38942411728203,-4.54486988484859
"741",-6.66251822374761,-6.34459201712161
"742",0.0357635831460357,-6.61093461327255
"743",3.55778786819428,4.71721072681248
"744",1.32211887743324,6.83049248531461
"745",-6.71951972879469,-4.89260734524578
"746",-5.3801443753764,-6.41175892669708
"747",8.08059880975634,1.21736243832856
"748",0.0178249133750796,-8.02578456699848
"749",-5.02266430761665,-6.06749429833144
"750",0.307406284846365,9.90104273892939
"751",1.26254231203347,7.68084127921611
"752",6.00028986576945,-3.50340374279767
"753",7.7240460831672,5.46453814953566
"754",-1.00516785867512,-6.81056188885123
"755",2.72815350908786,8.74601476825774
"756",2.6648762030527,7.34308335930109
"757",-6.66360640898347,3.17826932761818
"758",-0.0758572854101658,8.99653169792145
"759",1.66998681612313,-6.85092877130955
"760",-5.71885174140334,4.43656562361866
"761",7.92220691218972,5.20656730979681
"762",-2.92639798019081,7.54182585515082
"763",4.94182340800762,3.9329733280465
"764",-4.94461575523019,-1.79039418231696
"765",-4.75793833844364,-2.189722484909
"766",-4.12216367665678,6.35951961390674
"767",-4.33433096855879,-4.38019357156008
"768",-8.04991637822241,-5.11489880736917
"769",-3.45770778134465,-6.14685813896358
"770",-0.600828407332301,-8.74641732312739
"771",6.41210456378758,-0.972366710193455
"772",-4.50398125685751,3.69239236228168
"773",-6.94733773358166,-0.541321071796119
"774",4.70084182918072,-4.4475792022422
"775",1.83873325120658,-9.49915213044733
"776",-9.06444502994418,-1.69310559984297
"777",-9.51684791129082,-1.35110243689269
"778",-1.12832386512309,8.33905579056591
"779",4.64486321434379,3.95458900835365
"780",0.510799209587276,6.26812022179365
"781",1.25427743885666,7.66544342041016
"782",3.62083290703595,-7.65837012790143
"783",6.72621415928006,0.0894525134935975
"784",-2.4417363665998,-4.38346417620778
"785",-5.50073239952326,-3.17202648613602
"786",9.47372418362647,-2.93328921310604
"787",-0.738463811576366,-7.50223462935537
"788",-9.12504639476538,3.28166816849262
"789",-3.45872030593455,8.39697229675949
"790",7.47078477870673,6.52037133462727
"791",-4.07804348506033,-5.96641240175813
"792",-5.47260868828744,-2.961944071576
"793",-5.42372776195407,8.13115827273577
"794",-5.16978739760816,-1.8835169961676
"795",3.86138183996081,-7.76116630993783
"796",7.46260825544596,-3.6930316220969
"797",-6.60500019323081,-7.24030049052089
"798",0.63202059827745,5.45119213871658
"799",5.56219794321805,4.14525558706373
"800",-2.66796144191176,-6.46250886376947
"801",-5.02553014084697,2.24295137450099
"802",-2.60609369259328,-6.08704371377826
"803",-6.90845981705934,4.91586842574179
"804",-4.85222005750984,3.21296443231404
"805",7.85997218918055,-0.433426080271602
"806",-7.82180753536522,3.82644385565072
"807",-6.7879762686789,2.63367644045502
"808",2.51899756956846,7.00245324056596
"809",5.39191539399326,-5.83363592159003
"810",-1.4068040670827,5.74669447727501
"811",-6.85516144149005,-4.52453611418605
"812",4.45292836986482,4.14357305970043
"813",-7.76537710800767,6.2811604840681
"814",4.97704852838069,-3.35233033634722
"815",-2.80032452661544,-8.75440045259893
"816",-3.99921611882746,-5.86089537013322
"817",3.6633709166199,5.80280268099159
"818",-7.39207360427827,-1.27600818872452
"819",-4.93063948117197,-1.87478234991431
"820",-3.98476194124669,-5.87091848254204
"821",-4.62730049155653,-6.3876220677048
"822",3.6678939498961,4.37066294718534
"823",-0.849256543442607,9.14339346345514
"824",-7.24782377481461,2.50177043955773
"825",-7.17707543633878,-5.44352958910167
"826",5.56875189766288,-4.22520953696221
"827",-1.39748444315046,7.87125564180315
"828",-7.40550564136356,-3.23620011564344
"829",4.01268181856722,4.64281296823174
"830",1.92984357476234,-7.13556576985866
"831",-1.56485040672123,-9.42600721959025
"832",7.76812718715519,4.15505658835173
"833",0.583335007540882,6.4536951482296
"834",-9.13626092951745,2.76408841367811
"835",5.87803301867098,2.3575565032661
"836",9.33160379063338,-0.00962967053055763
"837",8.94326784648001,1.11062106210738
"838",-3.9658192358911,6.54776916839182
"839",6.79235057905316,-2.73327406961471
"840",-4.39864655025303,2.45246790349483
"841",-1.74421133473516,6.39361460693181
"842",-5.22930144332349,8.31546184141189
"843",7.09266787394881,0.135213173925877
"844",-0.789893511682749,9.2103194212541
"845",-6.43773236777633,-2.36021300312132
"846",-0.694404882378876,5.17600713763386
"847",6.23009525705129,-4.9164452124387
"848",-9.09521011635661,-2.60624560061842
"849",-1.19630460627377,-8.59041517134756
"850",-1.75150605849922,7.6466633239761
"851",2.05609648022801,-8.54013040661812
"852",-1.02610018569976,9.33985467068851
"853",-3.46179082989693,8.39353145100176
"854",-0.652361335232854,-5.8614338748157
"855",4.08805610612035,5.37043088581413
"856",-5.66423332784325,-5.99548284895718
"857",6.75050198100507,6.79701438173652
"858",-6.58591889776289,-4.98423361685127
"859",6.82190056890249,-1.17293775081635
"860",-2.71013075485826,5.67814663983881
"861",6.98099471163005,-5.41966720484197
"862",-4.8857631161809,5.62672994099557
"863",-2.21101631876081,6.03282314259559
"864",8.81490887608379,-2.17646967153996
"865",4.08201746176928,7.923593823798
"866",0.118495356291533,-6.23185390606523
"867",4.24404664896429,6.95644578430802
"868",0.892200139351189,-6.54160280246288
"869",-1.5512528643012,-8.87237983290106
"870",-3.65192916244268,-6.70692773070186
"871",2.85537583287805,-5.1991334091872
"872",-6.7670786101371,-5.6646992219612
"873",5.94235151540488,-6.71893707010895
"874",-5.60856207273901,6.84127011336386
"875",-0.232420656830072,9.17495521716774
"876",-0.530340438708663,7.45081198401749
"877",6.55936737079173,1.57533815596253
"878",9.66075843200088,0.158517546951771
"879",0.609997431747615,-5.98486029077321
"880",6.43310788553208,4.82226988766342
"881",-5.66863819491118,-2.12576121091843
"882",-0.59738552197814,6.799580832012
"883",2.51175154931843,8.57993955723941
"884",-7.36041659023613,6.256357957609
"885",-7.8054036712274,-1.1311343125999
"886",-3.64758578129113,-6.60901765339077
"887",1.96439276449382,-7.98966474365443
"888",-9.13171257358044,2.3430516012013
"889",-7.34395420644432,-2.15361944399774
"890",9.18382054194808,0.289769466035068
"891",8.71807522606105,-3.18751227110624
"892",6.27967107109725,4.81174504384398
"893",7.69425921142101,1.51082818862051
"894",-2.6436337037012,-4.98061483725905
"895",-5.88352554477751,7.65740601345897
"896",-3.95618112757802,3.15065944567323
"897",3.80481055472046,8.4326449315995
"898",7.48112043365836,-1.37734543066472
"899",2.17307528015226,-9.59826492704451
"900",3.68362601846457,7.9314514901489
"901",4.8649064078927,2.502276962623
"902",-2.34060977585614,9.62970246560872
"903",5.18072403036058,-3.19386253599077
"904",6.25677287112921,5.53780849091709
"905",5.76202117372304,2.78262580744922
"906",3.57521087862551,-5.78769960906357
"907",6.88519526273012,-0.203398326411843
"908",6.42220737412572,-3.18167571444064
"909",3.6262164870277,4.39427004661411
"910",-4.6021748567,-3.2280684588477
"911",8.93444170709699,0.502999159507453
"912",-4.69574104063213,4.66159188188612
"913",8.53246814571321,-4.18860375415534
"914",8.8707770453766,-0.160961579531431
"915",-1.70505725312978,-9.59173302631825
"916",6.51239599566907,-2.75639317929745
"917",2.39410066511482,6.50547044351697
"918",6.96164337918162,5.77748368028551
"919",-1.378871249035,-8.32440265920013
"920",9.30862778332084,1.53883884195238
"921",5.06212958134711,-5.1616068976
"922",-6.13931526895612,-1.36451370548457
"923",7.87631818093359,-4.31122839916497
"924",-1.54074638150632,9.08256536349654
"925",-0.159860532730818,6.1466555390507
"926",5.82389095332474,-4.13788781967014
"927",-7.25061767268926,-4.54955622553825
"928",-5.09854105301201,1.91551350522786
"929",3.50097358226776,-7.92467867955565
"930",4.6108210273087,4.34255794622004
"931",4.79589859955013,-6.25059454701841
"932",-9.7339245909825,-2.06378340255469
"933",6.34978549089283,3.66704562213272
"934",8.25794979929924,-3.32070610951632
"935",5.90350212529302,-3.77579745370895
"936",-4.55321816727519,-5.46235759276897
"937",8.93574684392661,-4.48194758500904
"938",-6.17338106036186,-1.90810403320938
"939",2.11999915074557,6.85352337080985
"940",-0.356503538787365,7.52207410521805
"941",-6.09762539621443,3.6157086212188
"942",-8.77471391577274,-2.3428325727582
"943",-6.6119202459231,-4.1257398435846
"944",8.93925056327134,-3.11834590043873
"945",-5.87745497003198,6.39640470501035
"946",5.28766774572432,8.06747030466795
"947",-6.58007350284606,-5.15063740313053
"948",4.82947931159288,7.03644753433764
"949",-1.53144914191216,-6.87807945534587
"950",-5.43861738871783,5.2621325943619
"951",-1.91874981392175,-8.58589179813862
"952",-7.57717948872596,5.1801367290318
"953",-7.97359516378492,-4.98307426460087
"954",-9.61673297453672,-0.291236639022827
"955",1.73541656695306,-5.00063340179622
"956",7.03937148209661,2.31767590623349
"957",-7.30169192422181,-3.50703899282962
"958",-2.05466541927308,-8.37652578018606
"959",-5.33718146383762,4.86816056072712
"960",-0.755429891869426,-5.08149203378707
"961",-5.36993560381234,4.23050667624921
"962",-3.74893587082624,8.52066037710756
"963",0.685563087463379,8.16590471193194
"964",-4.62733448017389,6.83071078266948
"965",4.10121219232678,-9.07219538930804
"966",-4.50086771510541,-7.15748851187527
"967",1.33416693191975,7.0666763279587
"968",8.11317572835833,-3.57276925817132
"969",-4.00171260349452,-4.68990039080381
"970",-7.63442866969854,-5.89688876643777
"971",-4.91457723546773,2.53599173389375
"972",5.56624783203006,6.06308547314256
"973",6.21779080480337,-6.83151851873845
"974",4.54936177935451,7.21014510840178
"975",-3.01326325628906,-7.09592612925917
"976",-1.76725022494793,9.83412991743535
"977",-9.15003704838455,3.90544437803328
"978",-6.34543412365019,4.87738240975887
"979",6.31456095725298,4.08457002136856
"980",0.859802314080298,6.15212199743837
"981",4.74480553064495,7.66104884911329
"982",-0.0716299004852772,8.02236998453736
"983",-3.58563032466918,-3.73535080812871
"984",7.33263081405312,5.46326600946486
"985",-4.50688901357353,3.54763681069016
"986",9.51197182759643,-2.81258584931493
"987",3.06531319860369,8.89648195821792
"988",-7.28504206053913,1.62219175603241
"989",6.83340126648545,1.56327642034739
"990",5.42332407552749,5.66329313907772
"991",1.43306305166334,-6.93552054464817
"992",3.2825582427904,-8.42732032295316
"993",6.8176037678495,0.876171695999801
"994",5.47791311983019,-4.2604616843164
"995",-6.1832958040759,2.9928812943399
"996",7.58640903513879,-6.20117646176368
"997",0.535224303603172,-6.00465438794345
"998",-8.34992916788906,-2.95317735522985
"999",-8.76303831115365,-4.69973286613822
"1000",-4.74035431630909,4.37437665648758
"1001",-5.56306379847229,0.72665745858103
"1002",-2.60430622380227,6.69052386190742
"1003",-0.0625625997781754,9.8456754302606
"1004",5.73664078023285,6.39274108223617
"1005",2.24869949743152,-6.99926102533937
"1006",6.15288645029068,-5.27580440975726
"1007",6.53520938940346,-5.80509078223258
"1008",-8.04349864833057,-4.3677540961653
"1009",4.98326970264316,6.05101252440363
"1010",1.88935602083802,-9.70690684393048
"1011",7.78979825787246,1.96009328588843
"1012",6.56443279236555,-1.38653018511832
"1013",8.05206217803061,-0.390781611204147
"1014",-1.49468128103763,-6.04114185553044
"1015",3.52502894122154,-4.97740376740694
"1016",-7.19527017325163,5.91676301788539
"1017",-3.37549296207726,6.71281864866614
"1018",0.139981280080974,8.54306782595813
"1019",-3.8105106074363,6.582190268673
"1020",-8.29393357038498,1.07381701469421
"1021",6.69776048511267,-2.23028275184333
"1022",-9.93064573034644,-0.796591695398092
"1023",3.1031699385494,-8.69850926566869
"1024",1.16101912222803,-8.19768627174199
"1025",-3.59323590062559,-4.86371650826186
"1026",-3.16109442152083,4.79641779325902
"1027",-4.65774773154408,3.50789233110845
"1028",-4.03766934759915,-8.77564236987382
"1029",0.159115088172257,-9.54176334664226
"1030",-8.87133710086346,-0.5077048484236
"1031",2.5257171317935,6.2501270044595
"1032",4.37543363310397,-5.75884541496634
"1033",-6.93227927666157,1.30313497036695
"1034",-8.08488260023296,-1.58621462062001
"1035",6.51091289240867,-1.44261339213699
"1036",0.599989383481443,-7.58935462683439
"1037",2.37627258524299,5.55091179441661
"1038",-5.51644382998347,-2.55324896425009
"1039",0.29555469751358,-7.95471556019038
"1040",0.129377651028335,8.02416344173253
"1041",-7.99661803990602,-3.72262140270323
"1042",5.76292508281767,-2.47385069727898
"1043",-0.0680074794217944,-7.73624374065548
"1044",6.3972635101527,-2.06704022362828
"1045",-6.83735581580549,5.37466499023139
"1046",4.50114413164556,-7.39927080459893
"1047",4.3498085392639,6.50738620664924
"1048",2.67584725748748,-7.72026410326362
"1049",5.76751134358346,-7.95105612836778
"1050",7.74913787376136,2.79455677140504
"1051",-4.62003952357918,-6.02938451338559
"1052",6.19225658942014,3.69329896755517
"1053",5.31169630587101,4.11884944420308
"1054",-5.40320170577615,-4.89545381627977
"1055",-2.16449833940715,-6.69807694386691
"1056",2.96937459614128,-7.25540142972022
"1057",-6.54981193132699,-2.85494816955179
"1058",7.54735081456602,-2.30030808597803
"1059",3.00067050848156,7.83799891360104
"1060",4.05626553110778,7.28546190541238
"1061",-1.23213882558048,-9.33901704847813
"1062",-1.80261939764023,8.85592017322779
"1063",-3.19081971421838,-4.88725685048848
"1064",-1.58838874194771,7.25127697456628
"1065",-0.678007495589554,8.25483792927116
"1066",-7.61640157084912,3.36672405712306
"1067",9.16876611299813,0.360690117813647
"1068",4.30916447658092,-7.35694626346231
"1069",4.69086490571499,-7.70867583807558
"1070",7.80282320454717,4.55722775775939
"1071",-6.62749759852886,6.9319196883589
"1072",6.08054774347693,3.19480035454035
"1073",-2.26077668834478,6.22651864308864
"1074",2.06827447749674,7.23806295078248
"1075",-0.943267391994596,7.91465741116554
"1076",6.8571342388168,-4.38023894559592
"1077",6.96388220880181,-3.70508836582303
"1078",0.247346195392311,-5.70696521550417
"1079",2.99957084935158,-6.72342893201858
"1080",-1.1479539424181,4.87661099992692
"1081",-8.41853342950344,5.05192523356527
"1082",-4.13573129102588,3.50573839154094
"1083",-2.79115553479642,8.04908854886889
"1084",-2.03725846949965,7.32318577822298
"1085",-4.85173108521849,-3.08443382382393
"1086",3.28054249286652,4.35636835638434
"1087",-2.12362887803465,-8.66811315529048
"1088",-4.03569646179676,-6.95329618174583
"1089",-2.89912749547511,-8.97464049514383
"1090",8.62921638414264,-0.803734264336526
"1091",-4.78319617919624,-1.63213571533561
"1092",2.69330068025738,8.45328132621944
"1093",1.42579234205186,7.80529533978552
"1094",4.77252122946084,6.45143315196037
"1095",-4.22904368489981,-6.87507689464837
"1096",-8.2530875550583,-3.46293529029936
"1097",0.862412150017917,-8.64110980648547
"1098",-5.79310244414955,-1.8133666459471
"1099",1.74956185743213,7.20890227239579
"1100",-3.18274490535259,8.00832320470363
"1101",6.2597835296765,0.714232716709375
"1102",-5.34550936892629,-4.70165263861418
"1103",5.51074560731649,3.27350510284305
"1104",5.52451013587415,-3.21056334767491
"1105",-6.35179440956563,-0.163207901641726
"1106",1.56184935476631,-6.930444939062
"1107",9.1977022588253,-3.92200901638716
"1108",-3.91727571841329,8.83737839292735
"1109",-3.12452704645693,-5.70943724829704
"1110",-5.06812788080424,1.35733491741121
"1111",-2.0218821009621,-5.37199098151177
"1112",-3.23155817110091,-4.60661883000284
"1113",5.81721771974117,1.26412309706211
"1114",9.18408983852714,-3.311956836842
"1115",7.93859462719411,2.2675797669217
"1116",-6.69543345924467,-5.49178681336343
"1117",-1.97224381379783,-8.11725127510726
"1118",-0.287470459006727,8.13241817057133
"1119",6.77120176143944,3.74243764672428
"1120",4.86841009929776,7.29522469919175
"1121",-8.47168719861656,0.456925895996392
"1122",-0.161441718228161,-5.28518036473542
"1123",8.16366369370371,1.60521016921848
"1124",3.71682714205235,7.17250195797533
"1125",-1.14964330103248,5.44368222355843
